[
{
    "model": "admin.logentry",
    "pk": 1,
    "fields": {
        "action_time": "2022-01-12T13:31:47.340Z",
        "user": 1,
        "content_type": 7,
        "object_id": "1",
        "object_repr": "dolfinsurf.example.com",
        "action_flag": 2,
        "change_message": "[{\"changed\": {\"fields\": [\"Domain name\", \"Display name\"]}}]"
    }
},
{
    "model": "admin.logentry",
    "pk": 2,
    "fields": {
        "action_time": "2022-01-12T13:34:45.134Z",
        "user": 1,
        "content_type": 8,
        "object_id": "1",
        "object_repr": "catrionamcd@gmail.com",
        "action_flag": 1,
        "change_message": "[{\"added\": {}}]"
    }
},
{
    "model": "admin.logentry",
    "pk": 3,
    "fields": {
        "action_time": "2022-01-12T13:38:36.955Z",
        "user": 1,
        "content_type": 14,
        "object_id": "1",
        "object_repr": "Billabong",
        "action_flag": 1,
        "change_message": "[{\"added\": {}}]"
    }
},
{
    "model": "admin.logentry",
    "pk": 4,
    "fields": {
        "action_time": "2022-01-12T13:38:43.661Z",
        "user": 1,
        "content_type": 14,
        "object_id": "2",
        "object_repr": "Roxy",
        "action_flag": 1,
        "change_message": "[{\"added\": {}}]"
    }
},
{
    "model": "admin.logentry",
    "pk": 5,
    "fields": {
        "action_time": "2022-01-12T13:38:51.763Z",
        "user": 1,
        "content_type": 14,
        "object_id": "3",
        "object_repr": "O'Neills",
        "action_flag": 1,
        "change_message": "[{\"added\": {}}]"
    }
},
{
    "model": "admin.logentry",
    "pk": 6,
    "fields": {
        "action_time": "2022-01-12T13:39:04.244Z",
        "user": 1,
        "content_type": 14,
        "object_id": "4",
        "object_repr": "Quick Silver",
        "action_flag": 1,
        "change_message": "[{\"added\": {}}]"
    }
},
{
    "model": "admin.logentry",
    "pk": 7,
    "fields": {
        "action_time": "2022-01-12T13:39:37.348Z",
        "user": 1,
        "content_type": 13,
        "object_id": "1",
        "object_repr": "Billabong",
        "action_flag": 1,
        "change_message": "[{\"added\": {}}]"
    }
},
{
    "model": "admin.logentry",
    "pk": 8,
    "fields": {
        "action_time": "2022-01-12T13:39:49.675Z",
        "user": 1,
        "content_type": 13,
        "object_id": "2",
        "object_repr": "Roxy",
        "action_flag": 1,
        "change_message": "[{\"added\": {}}]"
    }
},
{
    "model": "admin.logentry",
    "pk": 9,
    "fields": {
        "action_time": "2022-01-12T13:39:59.211Z",
        "user": 1,
        "content_type": 13,
        "object_id": "3",
        "object_repr": "O'Neills",
        "action_flag": 1,
        "change_message": "[{\"added\": {}}]"
    }
},
{
    "model": "admin.logentry",
    "pk": 10,
    "fields": {
        "action_time": "2022-01-12T13:40:54.974Z",
        "user": 1,
        "content_type": 13,
        "object_id": "4",
        "object_repr": "Quicksilver",
        "action_flag": 1,
        "change_message": "[{\"added\": {}}]"
    }
},
{
    "model": "admin.logentry",
    "pk": 11,
    "fields": {
        "action_time": "2022-01-12T13:41:26.331Z",
        "user": 1,
        "content_type": 14,
        "object_id": "4",
        "object_repr": "Quick Silver",
        "action_flag": 3,
        "change_message": ""
    }
},
{
    "model": "admin.logentry",
    "pk": 12,
    "fields": {
        "action_time": "2022-01-12T13:41:26.455Z",
        "user": 1,
        "content_type": 14,
        "object_id": "3",
        "object_repr": "O'Neills",
        "action_flag": 3,
        "change_message": ""
    }
},
{
    "model": "admin.logentry",
    "pk": 13,
    "fields": {
        "action_time": "2022-01-12T13:41:26.461Z",
        "user": 1,
        "content_type": 14,
        "object_id": "2",
        "object_repr": "Roxy",
        "action_flag": 3,
        "change_message": ""
    }
},
{
    "model": "admin.logentry",
    "pk": 14,
    "fields": {
        "action_time": "2022-01-12T13:41:26.467Z",
        "user": 1,
        "content_type": 14,
        "object_id": "1",
        "object_repr": "Billabong",
        "action_flag": 3,
        "change_message": ""
    }
},
{
    "model": "admin.logentry",
    "pk": 15,
    "fields": {
        "action_time": "2022-01-12T13:41:39.883Z",
        "user": 1,
        "content_type": 14,
        "object_id": "5",
        "object_repr": "Swim wear",
        "action_flag": 1,
        "change_message": "[{\"added\": {}}]"
    }
},
{
    "model": "admin.logentry",
    "pk": 16,
    "fields": {
        "action_time": "2022-01-12T13:41:47.560Z",
        "user": 1,
        "content_type": 14,
        "object_id": "6",
        "object_repr": "Wetsuits",
        "action_flag": 1,
        "change_message": "[{\"added\": {}}]"
    }
},
{
    "model": "admin.logentry",
    "pk": 17,
    "fields": {
        "action_time": "2022-01-12T13:41:54.966Z",
        "user": 1,
        "content_type": 14,
        "object_id": "7",
        "object_repr": "Boards",
        "action_flag": 1,
        "change_message": "[{\"added\": {}}]"
    }
},
{
    "model": "admin.logentry",
    "pk": 18,
    "fields": {
        "action_time": "2022-01-12T13:42:03.968Z",
        "user": 1,
        "content_type": 14,
        "object_id": "8",
        "object_repr": "Accessories",
        "action_flag": 1,
        "change_message": "[{\"added\": {}}]"
    }
},
{
    "model": "admin.logentry",
    "pk": 19,
    "fields": {
        "action_time": "2022-01-12T13:42:24.466Z",
        "user": 1,
        "content_type": 14,
        "object_id": "9",
        "object_repr": "Gift Card",
        "action_flag": 1,
        "change_message": "[{\"added\": {}}]"
    }
},
{
    "model": "admin.logentry",
    "pk": 20,
    "fields": {
        "action_time": "2022-01-12T13:43:21.115Z",
        "user": 1,
        "content_type": 18,
        "object_id": "1",
        "object_repr": "paddleboard",
        "action_flag": 1,
        "change_message": "[{\"added\": {}}]"
    }
},
{
    "model": "admin.logentry",
    "pk": 21,
    "fields": {
        "action_time": "2022-01-12T13:43:38.547Z",
        "user": 1,
        "content_type": 18,
        "object_id": "2",
        "object_repr": "surfboard",
        "action_flag": 1,
        "change_message": "[{\"added\": {}}]"
    }
},
{
    "model": "admin.logentry",
    "pk": 22,
    "fields": {
        "action_time": "2022-01-12T13:43:59.577Z",
        "user": 1,
        "content_type": 18,
        "object_id": "3",
        "object_repr": "female",
        "action_flag": 1,
        "change_message": "[{\"added\": {}}]"
    }
},
{
    "model": "admin.logentry",
    "pk": 23,
    "fields": {
        "action_time": "2022-01-12T13:44:11.812Z",
        "user": 1,
        "content_type": 18,
        "object_id": "4",
        "object_repr": "male",
        "action_flag": 1,
        "change_message": "[{\"added\": {}}]"
    }
},
{
    "model": "admin.logentry",
    "pk": 24,
    "fields": {
        "action_time": "2022-01-12T13:44:37.925Z",
        "user": 1,
        "content_type": 18,
        "object_id": "5",
        "object_repr": "junior-male",
        "action_flag": 1,
        "change_message": "[{\"added\": {}}]"
    }
},
{
    "model": "admin.logentry",
    "pk": 25,
    "fields": {
        "action_time": "2022-01-12T13:44:55.838Z",
        "user": 1,
        "content_type": 18,
        "object_id": "6",
        "object_repr": "junior-female",
        "action_flag": 1,
        "change_message": "[{\"added\": {}}]"
    }
},
{
    "model": "admin.logentry",
    "pk": 26,
    "fields": {
        "action_time": "2022-01-12T13:46:57.538Z",
        "user": 1,
        "content_type": 16,
        "object_id": "1",
        "object_repr": "3/2mm Synergy - Chest Zip Wetsuit for Women",
        "action_flag": 1,
        "change_message": "[{\"added\": {}}]"
    }
},
{
    "model": "admin.logentry",
    "pk": 27,
    "fields": {
        "action_time": "2022-01-12T13:54:53.931Z",
        "user": 1,
        "content_type": 16,
        "object_id": "2",
        "object_repr": "5/4mm Furnace Comp - Chest Zip Wetsuit for Women",
        "action_flag": 1,
        "change_message": "[{\"added\": {}}]"
    }
},
{
    "model": "admin.logentry",
    "pk": 28,
    "fields": {
        "action_time": "2022-01-12T13:57:48.472Z",
        "user": 1,
        "content_type": 16,
        "object_id": "3",
        "object_repr": "3/2mm Revolution - Chest Zip Wetsuit for Men",
        "action_flag": 1,
        "change_message": "[{\"added\": {}}]"
    }
},
{
    "model": "admin.logentry",
    "pk": 29,
    "fields": {
        "action_time": "2022-01-12T13:59:30.435Z",
        "user": 1,
        "content_type": 16,
        "object_id": "4",
        "object_repr": "4/3mm Revolution Pro - Chest Zip Wetsuit for Men",
        "action_flag": 1,
        "change_message": "[{\"added\": {}}]"
    }
},
{
    "model": "admin.logentry",
    "pk": 30,
    "fields": {
        "action_time": "2022-01-12T14:01:51.028Z",
        "user": 1,
        "content_type": 16,
        "object_id": "5",
        "object_repr": "Our lightest most flexible suit ever  Airlite 4D infuses our Graphene fibers into our already incredible Airlite liners. The result? You'll be warmer faster, for longer. It's lighter, more flexible an",
        "action_flag": 1,
        "change_message": "[{\"added\": {}}]"
    }
},
{
    "model": "admin.logentry",
    "pk": 31,
    "fields": {
        "action_time": "2022-01-12T14:02:29.066Z",
        "user": 1,
        "content_type": 16,
        "object_id": "5",
        "object_repr": "3/2mm Absolute - Chest Zip Wetsuit for Boys",
        "action_flag": 2,
        "change_message": "[{\"changed\": {\"fields\": [\"Name\"]}}]"
    }
},
{
    "model": "admin.logentry",
    "pk": 32,
    "fields": {
        "action_time": "2022-01-12T14:05:32.691Z",
        "user": 1,
        "content_type": 16,
        "object_id": "6",
        "object_repr": "O'Neill 3mm Youth Psycho Hood",
        "action_flag": 1,
        "change_message": "[{\"added\": {}}]"
    }
},
{
    "model": "admin.logentry",
    "pk": 33,
    "fields": {
        "action_time": "2022-01-12T14:06:21.498Z",
        "user": 1,
        "content_type": 16,
        "object_id": "6",
        "object_repr": "O'Neill 3mm Youth Psycho Hood",
        "action_flag": 2,
        "change_message": "[{\"changed\": {\"fields\": [\"Image\"]}}]"
    }
},
{
    "model": "admin.logentry",
    "pk": 34,
    "fields": {
        "action_time": "2022-01-12T14:06:42.653Z",
        "user": 1,
        "content_type": 16,
        "object_id": "6",
        "object_repr": "O'Neill 3mm Youth Psycho Hood",
        "action_flag": 2,
        "change_message": "[{\"changed\": {\"fields\": [\"Image\"]}}]"
    }
},
{
    "model": "admin.logentry",
    "pk": 35,
    "fields": {
        "action_time": "2022-01-12T15:22:33.952Z",
        "user": 1,
        "content_type": 17,
        "object_id": "1",
        "object_repr": "Product: 3/2mm Synergy - Chest Zip Wetsuit for Women, Colour: None,             Size: M, Length: None,            Quantity: 5",
        "action_flag": 1,
        "change_message": "[{\"added\": {}}]"
    }
},
{
    "model": "admin.logentry",
    "pk": 36,
    "fields": {
        "action_time": "2022-01-12T15:22:44.141Z",
        "user": 1,
        "content_type": 17,
        "object_id": "2",
        "object_repr": "Product: 5/4mm Furnace Comp - Chest Zip Wetsuit for Women, Colour: None,             Size: None, Length: None,            Quantity: 5",
        "action_flag": 1,
        "change_message": "[{\"added\": {}}]"
    }
},
{
    "model": "admin.logentry",
    "pk": 37,
    "fields": {
        "action_time": "2022-01-12T15:22:55.983Z",
        "user": 1,
        "content_type": 17,
        "object_id": "3",
        "object_repr": "Product: 3/2mm Revolution - Chest Zip Wetsuit for Men, Colour: None,             Size: None, Length: None,            Quantity: 5",
        "action_flag": 1,
        "change_message": "[{\"added\": {}}]"
    }
},
{
    "model": "admin.logentry",
    "pk": 38,
    "fields": {
        "action_time": "2022-01-12T15:23:07.746Z",
        "user": 1,
        "content_type": 17,
        "object_id": "4",
        "object_repr": "Product: 4/3mm Revolution Pro - Chest Zip Wetsuit for Men, Colour: None,             Size: None, Length: None,            Quantity: 5",
        "action_flag": 1,
        "change_message": "[{\"added\": {}}]"
    }
},
{
    "model": "admin.logentry",
    "pk": 39,
    "fields": {
        "action_time": "2022-01-12T15:23:28.802Z",
        "user": 1,
        "content_type": 17,
        "object_id": "5",
        "object_repr": "Product: 3/2mm Absolute - Chest Zip Wetsuit for Boys, Colour: None,             Size: None, Length: None,            Quantity: 5",
        "action_flag": 1,
        "change_message": "[{\"added\": {}}]"
    }
},
{
    "model": "admin.logentry",
    "pk": 40,
    "fields": {
        "action_time": "2022-01-12T15:23:54.035Z",
        "user": 1,
        "content_type": 17,
        "object_id": "6",
        "object_repr": "Product: O'Neill 3mm Youth Psycho Hood, Colour: None,             Size: None, Length: None,            Quantity: 4",
        "action_flag": 1,
        "change_message": "[{\"added\": {}}]"
    }
},
{
    "model": "admin.logentry",
    "pk": 41,
    "fields": {
        "action_time": "2022-01-12T16:39:31.906Z",
        "user": 1,
        "content_type": 4,
        "object_id": "1",
        "object_repr": "catrionamcd@gmail.com",
        "action_flag": 2,
        "change_message": "[{\"changed\": {\"fields\": [\"Username\", \"First name\", \"Last name\"]}}]"
    }
},
{
    "model": "admin.logentry",
    "pk": 42,
    "fields": {
        "action_time": "2022-01-13T20:35:34.005Z",
        "user": 4,
        "content_type": 17,
        "object_id": "6",
        "object_repr": "Product: O'Neill 3mm Youth Psycho Hood, Colour: None,             Size: None, Length: None,            Quantity: 4",
        "action_flag": 3,
        "change_message": ""
    }
},
{
    "model": "admin.logentry",
    "pk": 43,
    "fields": {
        "action_time": "2022-01-13T20:35:34.010Z",
        "user": 4,
        "content_type": 17,
        "object_id": "5",
        "object_repr": "Product: 3/2mm Absolute - Chest Zip Wetsuit for Boys, Colour: None,             Size: None, Length: None,            Quantity: 5",
        "action_flag": 3,
        "change_message": ""
    }
},
{
    "model": "admin.logentry",
    "pk": 44,
    "fields": {
        "action_time": "2022-01-13T20:35:34.014Z",
        "user": 4,
        "content_type": 17,
        "object_id": "4",
        "object_repr": "Product: 4/3mm Revolution Pro - Chest Zip Wetsuit for Men, Colour: None,             Size: None, Length: None,            Quantity: 5",
        "action_flag": 3,
        "change_message": ""
    }
},
{
    "model": "admin.logentry",
    "pk": 45,
    "fields": {
        "action_time": "2022-01-13T20:35:34.017Z",
        "user": 4,
        "content_type": 17,
        "object_id": "3",
        "object_repr": "Product: 3/2mm Revolution - Chest Zip Wetsuit for Men, Colour: None,             Size: None, Length: None,            Quantity: 5",
        "action_flag": 3,
        "change_message": ""
    }
},
{
    "model": "admin.logentry",
    "pk": 46,
    "fields": {
        "action_time": "2022-01-13T20:35:34.020Z",
        "user": 4,
        "content_type": 17,
        "object_id": "2",
        "object_repr": "Product: 5/4mm Furnace Comp - Chest Zip Wetsuit for Women, Colour: None,             Size: None, Length: None,            Quantity: 5",
        "action_flag": 3,
        "change_message": ""
    }
},
{
    "model": "admin.logentry",
    "pk": 47,
    "fields": {
        "action_time": "2022-01-13T20:35:34.023Z",
        "user": 4,
        "content_type": 17,
        "object_id": "1",
        "object_repr": "Product: 3/2mm Synergy - Chest Zip Wetsuit for Women, Colour: None,             Size: M, Length: None,            Quantity: 5",
        "action_flag": 3,
        "change_message": ""
    }
},
{
    "model": "admin.logentry",
    "pk": 48,
    "fields": {
        "action_time": "2022-01-13T20:37:59.677Z",
        "user": 4,
        "content_type": 16,
        "object_id": "1",
        "object_repr": "3/2mm Synergy - Chest Zip Wetsuit for Women",
        "action_flag": 3,
        "change_message": ""
    }
},
{
    "model": "admin.logentry",
    "pk": 49,
    "fields": {
        "action_time": "2022-01-13T20:37:59.682Z",
        "user": 4,
        "content_type": 16,
        "object_id": "2",
        "object_repr": "5/4mm Furnace Comp - Chest Zip Wetsuit for Women",
        "action_flag": 3,
        "change_message": ""
    }
},
{
    "model": "admin.logentry",
    "pk": 50,
    "fields": {
        "action_time": "2022-01-13T20:37:59.685Z",
        "user": 4,
        "content_type": 16,
        "object_id": "3",
        "object_repr": "3/2mm Revolution - Chest Zip Wetsuit for Men",
        "action_flag": 3,
        "change_message": ""
    }
},
{
    "model": "admin.logentry",
    "pk": 51,
    "fields": {
        "action_time": "2022-01-13T20:37:59.688Z",
        "user": 4,
        "content_type": 16,
        "object_id": "4",
        "object_repr": "4/3mm Revolution Pro - Chest Zip Wetsuit for Men",
        "action_flag": 3,
        "change_message": ""
    }
},
{
    "model": "admin.logentry",
    "pk": 52,
    "fields": {
        "action_time": "2022-01-13T20:37:59.691Z",
        "user": 4,
        "content_type": 16,
        "object_id": "5",
        "object_repr": "3/2mm Absolute - Chest Zip Wetsuit for Boys",
        "action_flag": 3,
        "change_message": ""
    }
},
{
    "model": "admin.logentry",
    "pk": 53,
    "fields": {
        "action_time": "2022-01-13T20:37:59.694Z",
        "user": 4,
        "content_type": 16,
        "object_id": "6",
        "object_repr": "O'Neill 3mm Youth Psycho Hood",
        "action_flag": 3,
        "change_message": ""
    }
},
{
    "model": "admin.logentry",
    "pk": 54,
    "fields": {
        "action_time": "2022-01-13T20:40:46.705Z",
        "user": 4,
        "content_type": 16,
        "object_id": "1",
        "object_repr": "3/2mm Synergy - Chest Zip Wetsuit for Women",
        "action_flag": 1,
        "change_message": "[{\"added\": {}}]"
    }
},
{
    "model": "admin.logentry",
    "pk": 55,
    "fields": {
        "action_time": "2022-01-13T20:43:42.289Z",
        "user": 4,
        "content_type": 17,
        "object_id": "1",
        "object_repr": "Product: 3/2mm Synergy - Chest Zip Wetsuit for Women, Colour: None,             Size: M, Quantity: 5",
        "action_flag": 1,
        "change_message": "[{\"added\": {}}]"
    }
},
{
    "model": "admin.logentry",
    "pk": 56,
    "fields": {
        "action_time": "2022-01-13T20:44:04.402Z",
        "user": 4,
        "content_type": 17,
        "object_id": "1",
        "object_repr": "Product: 3/2mm Synergy - Chest Zip Wetsuit for Women, Colour: None,             Size: M, Quantity: 5",
        "action_flag": 2,
        "change_message": "[]"
    }
},
{
    "model": "admin.logentry",
    "pk": 57,
    "fields": {
        "action_time": "2022-01-13T20:46:56.133Z",
        "user": 4,
        "content_type": 17,
        "object_id": "2",
        "object_repr": "Product: 3/2mm Synergy - Chest Zip Wetsuit for Women, Colour: None,             Size: L, Quantity: 3",
        "action_flag": 1,
        "change_message": "[{\"added\": {}}]"
    }
},
{
    "model": "admin.logentry",
    "pk": 58,
    "fields": {
        "action_time": "2022-01-14T09:50:03.082Z",
        "user": 4,
        "content_type": 13,
        "object_id": "5",
        "object_repr": "TYR",
        "action_flag": 1,
        "change_message": "[{\"added\": {}}]"
    }
},
{
    "model": "admin.logentry",
    "pk": 59,
    "fields": {
        "action_time": "2022-01-14T09:50:31.655Z",
        "user": 4,
        "content_type": 18,
        "object_id": "7",
        "object_repr": "Female",
        "action_flag": 1,
        "change_message": "[{\"added\": {}}]"
    }
},
{
    "model": "admin.logentry",
    "pk": 60,
    "fields": {
        "action_time": "2022-01-14T09:50:44.212Z",
        "user": 4,
        "content_type": 18,
        "object_id": "8",
        "object_repr": "Male",
        "action_flag": 1,
        "change_message": "[{\"added\": {}}]"
    }
},
{
    "model": "admin.logentry",
    "pk": 61,
    "fields": {
        "action_time": "2022-01-15T11:08:22.921Z",
        "user": 4,
        "content_type": 14,
        "object_id": "6",
        "object_repr": "Wetsuits",
        "action_flag": 2,
        "change_message": "[{\"changed\": {\"fields\": [\"Image\"]}}]"
    }
},
{
    "model": "admin.logentry",
    "pk": 62,
    "fields": {
        "action_time": "2022-01-15T11:27:47.501Z",
        "user": 4,
        "content_type": 14,
        "object_id": "5",
        "object_repr": "Swim wear",
        "action_flag": 2,
        "change_message": "[{\"changed\": {\"fields\": [\"Image\"]}}]"
    }
},
{
    "model": "admin.logentry",
    "pk": 63,
    "fields": {
        "action_time": "2022-01-15T12:00:38.438Z",
        "user": 4,
        "content_type": 14,
        "object_id": "9",
        "object_repr": "Gift Card",
        "action_flag": 2,
        "change_message": "[{\"changed\": {\"fields\": [\"Image\"]}}]"
    }
},
{
    "model": "admin.logentry",
    "pk": 64,
    "fields": {
        "action_time": "2022-01-15T12:00:47.670Z",
        "user": 4,
        "content_type": 14,
        "object_id": "8",
        "object_repr": "Accessories",
        "action_flag": 2,
        "change_message": "[{\"changed\": {\"fields\": [\"Image\"]}}]"
    }
},
{
    "model": "admin.logentry",
    "pk": 65,
    "fields": {
        "action_time": "2022-01-15T12:00:57.264Z",
        "user": 4,
        "content_type": 14,
        "object_id": "7",
        "object_repr": "Boards",
        "action_flag": 2,
        "change_message": "[{\"changed\": {\"fields\": [\"Image\"]}}]"
    }
},
{
    "model": "admin.logentry",
    "pk": 66,
    "fields": {
        "action_time": "2022-01-15T18:49:21.927Z",
        "user": 1,
        "content_type": 16,
        "object_id": "3",
        "object_repr": "ROXY WOMENS 4/3MM POP SURF CHEST ZIP WETSUIT",
        "action_flag": 1,
        "change_message": "[{\"added\": {}}]"
    }
},
{
    "model": "admin.logentry",
    "pk": 67,
    "fields": {
        "action_time": "2022-01-15T18:49:56.046Z",
        "user": 1,
        "content_type": 16,
        "object_id": "3",
        "object_repr": "ROXY WOMENS 4/3MM POP SURF CHEST ZIP WETSUIT",
        "action_flag": 2,
        "change_message": "[{\"changed\": {\"fields\": [\"Image\"]}}]"
    }
},
{
    "model": "admin.logentry",
    "pk": 68,
    "fields": {
        "action_time": "2022-01-15T18:59:14.533Z",
        "user": 1,
        "content_type": 16,
        "object_id": "3",
        "object_repr": "ROXY WOMENS 4/3MM POP SURF CHEST ZIP WETSUIT",
        "action_flag": 2,
        "change_message": "[{\"changed\": {\"fields\": [\"Image\"]}}]"
    }
},
{
    "model": "admin.logentry",
    "pk": 69,
    "fields": {
        "action_time": "2022-01-15T19:13:52.542Z",
        "user": 1,
        "content_type": 16,
        "object_id": "3",
        "object_repr": "ROXY WOMENS 4/3MM POP SURF CHEST ZIP WETSUIT",
        "action_flag": 2,
        "change_message": "[{\"changed\": {\"fields\": [\"Image\"]}}]"
    }
},
{
    "model": "admin.logentry",
    "pk": 70,
    "fields": {
        "action_time": "2022-01-15T19:14:05.425Z",
        "user": 1,
        "content_type": 16,
        "object_id": "3",
        "object_repr": "ROXY WOMENS 4/3MM POP SURF CHEST ZIP WETSUIT",
        "action_flag": 2,
        "change_message": "[{\"changed\": {\"fields\": [\"Image\"]}}]"
    }
},
{
    "model": "admin.logentry",
    "pk": 71,
    "fields": {
        "action_time": "2022-01-15T19:20:02.366Z",
        "user": 1,
        "content_type": 16,
        "object_id": "3",
        "object_repr": "ROXY WOMENS 4/3MM POP SURF CHEST ZIP WETSUIT",
        "action_flag": 2,
        "change_message": "[{\"changed\": {\"fields\": [\"Image\"]}}]"
    }
},
{
    "model": "admin.logentry",
    "pk": 72,
    "fields": {
        "action_time": "2022-01-15T19:20:14.234Z",
        "user": 1,
        "content_type": 16,
        "object_id": "3",
        "object_repr": "ROXY WOMENS 4/3MM POP SURF CHEST ZIP WETSUIT",
        "action_flag": 2,
        "change_message": "[{\"changed\": {\"fields\": [\"Image\"]}}]"
    }
},
{
    "model": "admin.logentry",
    "pk": 73,
    "fields": {
        "action_time": "2022-01-15T19:33:37.886Z",
        "user": 1,
        "content_type": 16,
        "object_id": "3",
        "object_repr": "ROXY WOMENS 4/3MM POP SURF CHEST ZIP WETSUIT",
        "action_flag": 2,
        "change_message": "[{\"changed\": {\"fields\": [\"Image\"]}}]"
    }
},
{
    "model": "admin.logentry",
    "pk": 74,
    "fields": {
        "action_time": "2022-01-15T19:33:52.972Z",
        "user": 1,
        "content_type": 16,
        "object_id": "3",
        "object_repr": "ROXY WOMENS 4/3MM POP SURF CHEST ZIP WETSUIT",
        "action_flag": 2,
        "change_message": "[{\"changed\": {\"fields\": [\"Image\"]}}]"
    }
},
{
    "model": "admin.logentry",
    "pk": 75,
    "fields": {
        "action_time": "2022-01-15T19:36:09.927Z",
        "user": 1,
        "content_type": 16,
        "object_id": "3",
        "object_repr": "ROXY WOMENS 4/3MM POP SURF CHEST ZIP WETSUIT",
        "action_flag": 2,
        "change_message": "[{\"changed\": {\"fields\": [\"Image\"]}}]"
    }
},
{
    "model": "admin.logentry",
    "pk": 76,
    "fields": {
        "action_time": "2022-01-15T19:37:24.062Z",
        "user": 1,
        "content_type": 16,
        "object_id": "3",
        "object_repr": "ROXY WOMENS 4/3MM POP SURF CHEST ZIP WETSUIT",
        "action_flag": 2,
        "change_message": "[{\"changed\": {\"fields\": [\"Image\"]}}]"
    }
},
{
    "model": "admin.logentry",
    "pk": 77,
    "fields": {
        "action_time": "2022-01-15T22:56:23.306Z",
        "user": 1,
        "content_type": 16,
        "object_id": "3",
        "object_repr": "ROXY WOMENS 4/3MM POP SURF CHEST ZIP WETSUIT",
        "action_flag": 2,
        "change_message": "[{\"changed\": {\"fields\": [\"Image\"]}}]"
    }
},
{
    "model": "admin.logentry",
    "pk": 78,
    "fields": {
        "action_time": "2022-01-15T22:56:35.244Z",
        "user": 1,
        "content_type": 16,
        "object_id": "3",
        "object_repr": "ROXY WOMENS 4/3MM POP SURF CHEST ZIP WETSUIT",
        "action_flag": 2,
        "change_message": "[{\"changed\": {\"fields\": [\"Image\"]}}]"
    }
},
{
    "model": "admin.logentry",
    "pk": 79,
    "fields": {
        "action_time": "2022-01-15T23:00:33.193Z",
        "user": 1,
        "content_type": 16,
        "object_id": "4",
        "object_repr": "PROLOGUE WOMEN - Wetsuit",
        "action_flag": 1,
        "change_message": "[{\"added\": {}}]"
    }
},
{
    "model": "admin.logentry",
    "pk": 80,
    "fields": {
        "action_time": "2022-01-15T23:11:24.835Z",
        "user": 1,
        "content_type": 16,
        "object_id": "4",
        "object_repr": "PROLOGUE WOMEN - Wetsuit",
        "action_flag": 2,
        "change_message": "[{\"changed\": {\"fields\": [\"Image\"]}}]"
    }
},
{
    "model": "admin.logentry",
    "pk": 81,
    "fields": {
        "action_time": "2022-01-15T23:11:35.793Z",
        "user": 1,
        "content_type": 16,
        "object_id": "3",
        "object_repr": "ROXY WOMENS 4/3MM POP SURF CHEST ZIP WETSUIT",
        "action_flag": 2,
        "change_message": "[{\"changed\": {\"fields\": [\"Image\"]}}]"
    }
},
{
    "model": "admin.logentry",
    "pk": 82,
    "fields": {
        "action_time": "2022-01-15T23:12:21.177Z",
        "user": 1,
        "content_type": 16,
        "object_id": "3",
        "object_repr": "ROXY WOMENS 4/3MM POP SURF CHEST ZIP WETSUIT",
        "action_flag": 2,
        "change_message": "[{\"changed\": {\"fields\": [\"Image\"]}}]"
    }
},
{
    "model": "admin.logentry",
    "pk": 83,
    "fields": {
        "action_time": "2022-01-15T23:16:59.737Z",
        "user": 1,
        "content_type": 16,
        "object_id": "5",
        "object_repr": "3/2mm Women's O'Neill REACTOR 2 Fullsuit",
        "action_flag": 1,
        "change_message": "[{\"added\": {}}]"
    }
},
{
    "model": "admin.logentry",
    "pk": 84,
    "fields": {
        "action_time": "2022-01-15T23:17:26.578Z",
        "user": 1,
        "content_type": 16,
        "object_id": "5",
        "object_repr": "3/2mm Women's O'Neill REACTOR 2 Fullsuit",
        "action_flag": 2,
        "change_message": "[]"
    }
},
{
    "model": "admin.logentry",
    "pk": 85,
    "fields": {
        "action_time": "2022-01-15T23:21:09.741Z",
        "user": 1,
        "content_type": 16,
        "object_id": "4",
        "object_repr": "PROLOGUE WOMEN - Wetsuit",
        "action_flag": 2,
        "change_message": "[{\"changed\": {\"fields\": [\"Image\"]}}]"
    }
},
{
    "model": "admin.logentry",
    "pk": 86,
    "fields": {
        "action_time": "2022-01-16T11:34:04.338Z",
        "user": 1,
        "content_type": 4,
        "object_id": "4",
        "object_repr": "Admin",
        "action_flag": 2,
        "change_message": "[{\"changed\": {\"fields\": [\"First name\"]}}]"
    }
},
{
    "model": "admin.logentry",
    "pk": 87,
    "fields": {
        "action_time": "2022-01-16T11:35:26.212Z",
        "user": 1,
        "content_type": 4,
        "object_id": "4",
        "object_repr": "Admin",
        "action_flag": 2,
        "change_message": "[{\"changed\": {\"fields\": [\"First name\"]}}]"
    }
},
{
    "model": "admin.logentry",
    "pk": 88,
    "fields": {
        "action_time": "2022-01-16T12:25:25.593Z",
        "user": 4,
        "content_type": 14,
        "object_id": "5",
        "object_repr": "Swim Wear",
        "action_flag": 2,
        "change_message": "[{\"changed\": {\"fields\": [\"Name\"]}}]"
    }
},
{
    "model": "admin.logentry",
    "pk": 89,
    "fields": {
        "action_time": "2022-01-16T17:20:22.390Z",
        "user": 4,
        "content_type": 16,
        "object_id": "6",
        "object_repr": "JOBE AERO YARRA 10'6 STAND UP PADDLE BOARD PACKAGE - BOARD, BAG, PUMP, PADDLE & LEASH",
        "action_flag": 1,
        "change_message": "[{\"added\": {}}]"
    }
},
{
    "model": "admin.logentry",
    "pk": 90,
    "fields": {
        "action_time": "2022-01-16T17:29:37.925Z",
        "user": 4,
        "content_type": 16,
        "object_id": "6",
        "object_repr": "JOBE AERO YARRA 10'6 STAND UP PADDLE BOARD PACKAGE - BOARD, BAG, PUMP, PADDLE & LEASH",
        "action_flag": 2,
        "change_message": "[{\"changed\": {\"fields\": [\"Image\"]}}]"
    }
},
{
    "model": "admin.logentry",
    "pk": 91,
    "fields": {
        "action_time": "2022-01-16T17:29:50.999Z",
        "user": 4,
        "content_type": 16,
        "object_id": "6",
        "object_repr": "JOBE AERO YARRA 10'6 STAND UP PADDLE BOARD PACKAGE - BOARD, BAG, PUMP, PADDLE & LEASH",
        "action_flag": 2,
        "change_message": "[{\"changed\": {\"fields\": [\"Image\"]}}]"
    }
},
{
    "model": "admin.logentry",
    "pk": 92,
    "fields": {
        "action_time": "2022-01-16T17:34:37.206Z",
        "user": 4,
        "content_type": 16,
        "object_id": "7",
        "object_repr": "Beginner inflatable stand-up paddleboard",
        "action_flag": 1,
        "change_message": "[{\"added\": {}}]"
    }
},
{
    "model": "admin.logentry",
    "pk": 93,
    "fields": {
        "action_time": "2022-01-16T20:33:11.553Z",
        "user": 4,
        "content_type": 14,
        "object_id": "9",
        "object_repr": "Gift Card",
        "action_flag": 2,
        "change_message": "[{\"changed\": {\"fields\": [\"Giftcard category\"]}}]"
    }
},
{
    "model": "admin.logentry",
    "pk": 94,
    "fields": {
        "action_time": "2022-01-16T20:37:11.542Z",
        "user": 4,
        "content_type": 15,
        "object_id": "1",
        "object_repr": "Red",
        "action_flag": 1,
        "change_message": "[{\"added\": {}}]"
    }
},
{
    "model": "admin.logentry",
    "pk": 95,
    "fields": {
        "action_time": "2022-01-16T20:37:20.380Z",
        "user": 4,
        "content_type": 15,
        "object_id": "2",
        "object_repr": "Black",
        "action_flag": 1,
        "change_message": "[{\"added\": {}}]"
    }
},
{
    "model": "admin.logentry",
    "pk": 96,
    "fields": {
        "action_time": "2022-01-17T13:48:41.454Z",
        "user": 4,
        "content_type": 16,
        "object_id": "1",
        "object_repr": "3/2mm Synergy - Chest Zip Wetsuit for Women",
        "action_flag": 2,
        "change_message": "[{\"changed\": {\"fields\": [\"Obsolete\"]}}]"
    }
},
{
    "model": "admin.logentry",
    "pk": 97,
    "fields": {
        "action_time": "2022-01-17T14:59:06.823Z",
        "user": 4,
        "content_type": 4,
        "object_id": "4",
        "object_repr": "Admin",
        "action_flag": 2,
        "change_message": "[{\"changed\": {\"fields\": [\"Email address\"]}}]"
    }
},
{
    "model": "admin.logentry",
    "pk": 98,
    "fields": {
        "action_time": "2022-01-17T14:59:33.174Z",
        "user": 4,
        "content_type": 4,
        "object_id": "1",
        "object_repr": "catrionamcd@gmail.com",
        "action_flag": 2,
        "change_message": "[{\"changed\": {\"fields\": [\"Email address\"]}}]"
    }
},
{
    "model": "admin.logentry",
    "pk": 99,
    "fields": {
        "action_time": "2022-01-17T15:23:34.890Z",
        "user": 4,
        "content_type": 16,
        "object_id": "3",
        "object_repr": "ROXY WOMENS 4/3MM POP SURF CHEST ZIP WETSUIT",
        "action_flag": 2,
        "change_message": "[{\"changed\": {\"fields\": [\"Obsolete\"]}}]"
    }
},
{
    "model": "admin.logentry",
    "pk": 100,
    "fields": {
        "action_time": "2022-01-17T21:27:08.542Z",
        "user": 4,
        "content_type": 16,
        "object_id": "8",
        "object_repr": "starfish",
        "action_flag": 1,
        "change_message": "[{\"added\": {}}]"
    }
},
{
    "model": "admin.logentry",
    "pk": 101,
    "fields": {
        "action_time": "2022-01-17T21:31:26.041Z",
        "user": 4,
        "content_type": 16,
        "object_id": "1",
        "object_repr": "3/2mm Synergy - Chest Zip Wetsuit for Women",
        "action_flag": 2,
        "change_message": "[{\"changed\": {\"fields\": [\"Has gender\", \"Gender\"]}}]"
    }
},
{
    "model": "admin.logentry",
    "pk": 102,
    "fields": {
        "action_time": "2022-01-17T21:43:08.842Z",
        "user": 4,
        "content_type": 16,
        "object_id": "1",
        "object_repr": "3/2mm Synergy - Chest Zip Wetsuit for Women",
        "action_flag": 2,
        "change_message": "[{\"changed\": {\"fields\": [\"Has gender\", \"Gender\"]}}]"
    }
},
{
    "model": "admin.logentry",
    "pk": 103,
    "fields": {
        "action_time": "2022-01-17T21:46:44.145Z",
        "user": 4,
        "content_type": 16,
        "object_id": "1",
        "object_repr": "3/2mm Synergy - Chest Zip Wetsuit for Women",
        "action_flag": 2,
        "change_message": "[{\"changed\": {\"fields\": [\"Has gender\", \"Gender\"]}}]"
    }
},
{
    "model": "admin.logentry",
    "pk": 104,
    "fields": {
        "action_time": "2022-01-17T21:51:02.456Z",
        "user": 4,
        "content_type": 16,
        "object_id": "1",
        "object_repr": "3/2mm Synergy - Chest Zip Wetsuit for Women",
        "action_flag": 2,
        "change_message": "[{\"changed\": {\"fields\": [\"Has gender\", \"Gender\"]}}]"
    }
},
{
    "model": "admin.logentry",
    "pk": 105,
    "fields": {
        "action_time": "2022-01-17T22:00:42.241Z",
        "user": 4,
        "content_type": 16,
        "object_id": "3",
        "object_repr": "ROXY WOMENS 4/3MM POP SURF CHEST ZIP WETSUIT",
        "action_flag": 2,
        "change_message": "[{\"changed\": {\"fields\": [\"Subcategory\", \"Gender\"]}}]"
    }
},
{
    "model": "admin.logentry",
    "pk": 106,
    "fields": {
        "action_time": "2022-01-17T22:00:58.244Z",
        "user": 4,
        "content_type": 16,
        "object_id": "4",
        "object_repr": "PROLOGUE WOMEN - Wetsuit",
        "action_flag": 2,
        "change_message": "[{\"changed\": {\"fields\": [\"Subcategory\"]}}]"
    }
},
{
    "model": "admin.logentry",
    "pk": 107,
    "fields": {
        "action_time": "2022-01-17T22:01:11.406Z",
        "user": 4,
        "content_type": 16,
        "object_id": "5",
        "object_repr": "3/2mm Women's O'Neill REACTOR 2 Fullsuit",
        "action_flag": 2,
        "change_message": "[{\"changed\": {\"fields\": [\"Subcategory\", \"Gender\"]}}]"
    }
},
{
    "model": "admin.logentry",
    "pk": 108,
    "fields": {
        "action_time": "2022-01-17T22:02:32.772Z",
        "user": 4,
        "content_type": 16,
        "object_id": "2",
        "object_repr": "FUSION AEROBACK",
        "action_flag": 2,
        "change_message": "[{\"changed\": {\"fields\": [\"Has gender\", \"Gender\"]}}]"
    }
},
{
    "model": "admin.logentry",
    "pk": 109,
    "fields": {
        "action_time": "2022-01-17T22:02:48.886Z",
        "user": 4,
        "content_type": 16,
        "object_id": "3",
        "object_repr": "ROXY WOMENS 4/3MM POP SURF CHEST ZIP WETSUIT",
        "action_flag": 2,
        "change_message": "[{\"changed\": {\"fields\": [\"Has gender\"]}}]"
    }
},
{
    "model": "admin.logentry",
    "pk": 110,
    "fields": {
        "action_time": "2022-01-17T22:02:57.289Z",
        "user": 4,
        "content_type": 16,
        "object_id": "5",
        "object_repr": "3/2mm Women's O'Neill REACTOR 2 Fullsuit",
        "action_flag": 2,
        "change_message": "[{\"changed\": {\"fields\": [\"Has gender\"]}}]"
    }
},
{
    "model": "admin.logentry",
    "pk": 111,
    "fields": {
        "action_time": "2022-01-17T22:04:50.992Z",
        "user": 4,
        "content_type": 16,
        "object_id": "7",
        "object_repr": "Beginner inflatable stand-up paddleboard",
        "action_flag": 2,
        "change_message": "[{\"changed\": {\"fields\": [\"Brand\"]}}]"
    }
},
{
    "model": "admin.logentry",
    "pk": 112,
    "fields": {
        "action_time": "2022-01-17T22:05:22.362Z",
        "user": 4,
        "content_type": 16,
        "object_id": "2",
        "object_repr": "FUSION AEROBACK",
        "action_flag": 2,
        "change_message": "[{\"changed\": {\"fields\": [\"Brand\"]}}]"
    }
},
{
    "model": "admin.logentry",
    "pk": 113,
    "fields": {
        "action_time": "2022-01-17T22:06:18.795Z",
        "user": 4,
        "content_type": 16,
        "object_id": "5",
        "object_repr": "3/2mm Women's O'Neill REACTOR 2 Fullsuit",
        "action_flag": 2,
        "change_message": "[{\"changed\": {\"fields\": [\"Brand\"]}}]"
    }
},
{
    "model": "admin.logentry",
    "pk": 114,
    "fields": {
        "action_time": "2022-01-18T10:59:49.742Z",
        "user": 4,
        "content_type": 18,
        "object_id": "6",
        "object_repr": "shorty-wetsuit",
        "action_flag": 2,
        "change_message": "[{\"changed\": {\"fields\": [\"Name\", \"Friendly name\"]}}]"
    }
},
{
    "model": "admin.logentry",
    "pk": 115,
    "fields": {
        "action_time": "2022-01-18T11:00:23.041Z",
        "user": 4,
        "content_type": 18,
        "object_id": "5",
        "object_repr": "3mm-wetsuit",
        "action_flag": 2,
        "change_message": "[{\"changed\": {\"fields\": [\"Name\", \"Friendly name\"]}}]"
    }
},
{
    "model": "admin.logentry",
    "pk": 116,
    "fields": {
        "action_time": "2022-01-18T11:00:38.170Z",
        "user": 4,
        "content_type": 18,
        "object_id": "3",
        "object_repr": "female",
        "action_flag": 3,
        "change_message": ""
    }
},
{
    "model": "admin.logentry",
    "pk": 117,
    "fields": {
        "action_time": "2022-01-18T11:00:54.149Z",
        "user": 4,
        "content_type": 18,
        "object_id": "4",
        "object_repr": "4mm-wetsuit",
        "action_flag": 2,
        "change_message": "[{\"changed\": {\"fields\": [\"Name\", \"Friendly name\"]}}]"
    }
},
{
    "model": "admin.logentry",
    "pk": 118,
    "fields": {
        "action_time": "2022-01-18T11:02:27.149Z",
        "user": 4,
        "content_type": 16,
        "object_id": "9",
        "object_repr": "O'NEILL WOMENS BAHIA 2/1MM FRONT ZIP SHORTY WETSUIT",
        "action_flag": 1,
        "change_message": "[{\"added\": {}}]"
    }
},
{
    "model": "admin.logentry",
    "pk": 119,
    "fields": {
        "action_time": "2022-01-18T11:05:43.899Z",
        "user": 4,
        "content_type": 16,
        "object_id": "9",
        "object_repr": "O'NEILL WOMENS BAHIA 2/1MM FRONT ZIP SHORTY WETSUIT",
        "action_flag": 2,
        "change_message": "[{\"changed\": {\"fields\": [\"Image\"]}}]"
    }
},
{
    "model": "admin.logentry",
    "pk": 120,
    "fields": {
        "action_time": "2022-01-18T11:06:03.476Z",
        "user": 4,
        "content_type": 16,
        "object_id": "9",
        "object_repr": "O'NEILL WOMENS BAHIA 2/1MM FRONT ZIP SHORTY WETSUIT",
        "action_flag": 2,
        "change_message": "[]"
    }
},
{
    "model": "admin.logentry",
    "pk": 121,
    "fields": {
        "action_time": "2022-01-18T11:06:30.801Z",
        "user": 4,
        "content_type": 16,
        "object_id": "9",
        "object_repr": "O'NEILL WOMENS BAHIA 2/1MM FRONT ZIP SHORTY WETSUIT",
        "action_flag": 2,
        "change_message": "[{\"changed\": {\"fields\": [\"Image\"]}}]"
    }
},
{
    "model": "admin.logentry",
    "pk": 122,
    "fields": {
        "action_time": "2022-01-18T12:02:43.653Z",
        "user": 4,
        "content_type": 16,
        "object_id": "8",
        "object_repr": "starfish",
        "action_flag": 2,
        "change_message": "[{\"changed\": {\"fields\": [\"Image\"]}}]"
    }
},
{
    "model": "admin.logentry",
    "pk": 123,
    "fields": {
        "action_time": "2022-01-18T12:42:24.680Z",
        "user": 4,
        "content_type": 14,
        "object_id": "6",
        "object_repr": "Wetsuits",
        "action_flag": 2,
        "change_message": "[{\"changed\": {\"fields\": [\"Sale percent\"]}}]"
    }
},
{
    "model": "admin.logentry",
    "pk": 124,
    "fields": {
        "action_time": "2022-01-18T15:45:04.541Z",
        "user": 4,
        "content_type": 16,
        "object_id": "9",
        "object_repr": "O'NEILL WOMENS BAHIA 2/1MM FRONT ZIP SHORTY WETSUIT",
        "action_flag": 2,
        "change_message": "[{\"changed\": {\"fields\": [\"Image\"]}}]"
    }
},
{
    "model": "admin.logentry",
    "pk": 125,
    "fields": {
        "action_time": "2022-01-18T15:45:16.802Z",
        "user": 4,
        "content_type": 16,
        "object_id": "9",
        "object_repr": "O'NEILL WOMENS BAHIA 2/1MM FRONT ZIP SHORTY WETSUIT",
        "action_flag": 2,
        "change_message": "[{\"changed\": {\"fields\": [\"Image\"]}}]"
    }
},
{
    "model": "admin.logentry",
    "pk": 126,
    "fields": {
        "action_time": "2022-01-18T15:47:24.864Z",
        "user": 4,
        "content_type": 16,
        "object_id": "9",
        "object_repr": "O'NEILL WOMENS BAHIA 2/1MM FRONT ZIP SHORTY WETSUIT",
        "action_flag": 2,
        "change_message": "[{\"changed\": {\"fields\": [\"Image\"]}}]"
    }
},
{
    "model": "admin.logentry",
    "pk": 127,
    "fields": {
        "action_time": "2022-01-18T15:47:37.393Z",
        "user": 4,
        "content_type": 16,
        "object_id": "9",
        "object_repr": "O'NEILL WOMENS BAHIA 2/1MM FRONT ZIP SHORTY WETSUIT",
        "action_flag": 2,
        "change_message": "[{\"changed\": {\"fields\": [\"Image\"]}}]"
    }
},
{
    "model": "admin.logentry",
    "pk": 128,
    "fields": {
        "action_time": "2022-01-18T16:33:42.016Z",
        "user": 4,
        "content_type": 16,
        "object_id": "9",
        "object_repr": "O'NEILL WOMENS BAHIA 2/1MM FRONT ZIP SHORTY WETSUIT",
        "action_flag": 2,
        "change_message": "[{\"changed\": {\"fields\": [\"Image\"]}}]"
    }
},
{
    "model": "admin.logentry",
    "pk": 129,
    "fields": {
        "action_time": "2022-01-18T16:33:53.556Z",
        "user": 4,
        "content_type": 16,
        "object_id": "9",
        "object_repr": "O'NEILL WOMENS BAHIA 2/1MM FRONT ZIP SHORTY WETSUIT",
        "action_flag": 2,
        "change_message": "[{\"changed\": {\"fields\": [\"Image\"]}}]"
    }
},
{
    "model": "admin.logentry",
    "pk": 130,
    "fields": {
        "action_time": "2022-01-18T18:25:44.290Z",
        "user": 4,
        "content_type": 16,
        "object_id": "9",
        "object_repr": "O'NEILL WOMENS BAHIA 2/1MM FRONT ZIP SHORTY WETSUIT",
        "action_flag": 2,
        "change_message": "[{\"changed\": {\"fields\": [\"Image\"]}}]"
    }
},
{
    "model": "admin.logentry",
    "pk": 131,
    "fields": {
        "action_time": "2022-01-18T18:26:04.245Z",
        "user": 4,
        "content_type": 16,
        "object_id": "9",
        "object_repr": "O'NEILL WOMENS BAHIA 2/1MM FRONT ZIP SHORTY WETSUIT",
        "action_flag": 2,
        "change_message": "[{\"changed\": {\"fields\": [\"Image\"]}}]"
    }
},
{
    "model": "admin.logentry",
    "pk": 132,
    "fields": {
        "action_time": "2022-01-18T18:26:52.969Z",
        "user": 4,
        "content_type": 16,
        "object_id": "8",
        "object_repr": "starfish",
        "action_flag": 2,
        "change_message": "[{\"changed\": {\"fields\": [\"Obsolete\"]}}]"
    }
},
{
    "model": "admin.logentry",
    "pk": 133,
    "fields": {
        "action_time": "2022-01-18T18:27:50.782Z",
        "user": 4,
        "content_type": 16,
        "object_id": "5",
        "object_repr": "3/2mm Women's O'Neill REACTOR 2 Fullsuit",
        "action_flag": 2,
        "change_message": "[{\"changed\": {\"fields\": [\"Obsolete\"]}}]"
    }
},
{
    "model": "admin.logentry",
    "pk": 134,
    "fields": {
        "action_time": "2022-01-18T18:36:48.244Z",
        "user": 4,
        "content_type": 16,
        "object_id": "10",
        "object_repr": "BILLABONG WOMENS SPRING FEVER 2MM LONG SLEEVE SHORTY WETSUIT",
        "action_flag": 1,
        "change_message": "[{\"added\": {}}]"
    }
},
{
    "model": "admin.logentry",
    "pk": 135,
    "fields": {
        "action_time": "2022-01-18T18:38:05.925Z",
        "user": 4,
        "content_type": 16,
        "object_id": "1",
        "object_repr": "3/2mm Synergy - Chest Zip Wetsuit for Women",
        "action_flag": 2,
        "change_message": "[{\"changed\": {\"fields\": [\"Category\"]}}]"
    }
},
{
    "model": "admin.logentry",
    "pk": 136,
    "fields": {
        "action_time": "2022-01-18T18:39:00.255Z",
        "user": 4,
        "content_type": 16,
        "object_id": "7",
        "object_repr": "Beginner inflatable stand-up paddleboard",
        "action_flag": 2,
        "change_message": "[{\"changed\": {\"fields\": [\"Obsolete\"]}}]"
    }
},
{
    "model": "admin.logentry",
    "pk": 137,
    "fields": {
        "action_time": "2022-01-18T18:42:17.550Z",
        "user": 4,
        "content_type": 16,
        "object_id": "1",
        "object_repr": "3/2mm Synergy - Chest Zip Wetsuit for Women",
        "action_flag": 2,
        "change_message": "[{\"changed\": {\"fields\": [\"Image\"]}}]"
    }
},
{
    "model": "admin.logentry",
    "pk": 138,
    "fields": {
        "action_time": "2022-01-18T18:42:28.769Z",
        "user": 4,
        "content_type": 16,
        "object_id": "1",
        "object_repr": "3/2mm Synergy - Chest Zip Wetsuit for Women",
        "action_flag": 2,
        "change_message": "[{\"changed\": {\"fields\": [\"Image\"]}}]"
    }
},
{
    "model": "admin.logentry",
    "pk": 139,
    "fields": {
        "action_time": "2022-01-18T18:46:09.891Z",
        "user": 4,
        "content_type": 16,
        "object_id": "11",
        "object_repr": "BILLABONG WOMENS LAUNCH 4/3MM BACK ZIP GBS WETSUIT",
        "action_flag": 1,
        "change_message": "[{\"added\": {}}]"
    }
},
{
    "model": "admin.logentry",
    "pk": 140,
    "fields": {
        "action_time": "2022-01-18T18:49:17.003Z",
        "user": 4,
        "content_type": 16,
        "object_id": "12",
        "object_repr": "ROXY WOMENS SYNCRO 4/3MM BACK ZIP GBS WETSUIT",
        "action_flag": 1,
        "change_message": "[{\"added\": {}}]"
    }
},
{
    "model": "admin.logentry",
    "pk": 141,
    "fields": {
        "action_time": "2022-01-18T18:50:04.578Z",
        "user": 4,
        "content_type": 16,
        "object_id": "12",
        "object_repr": "ROXY WOMENS SYNCRO 4/3MM BACK ZIP GBS WETSUIT",
        "action_flag": 2,
        "change_message": "[{\"changed\": {\"fields\": [\"Sku\"]}}]"
    }
},
{
    "model": "admin.logentry",
    "pk": 142,
    "fields": {
        "action_time": "2022-01-18T18:54:08.531Z",
        "user": 4,
        "content_type": 16,
        "object_id": "8",
        "object_repr": "starfish",
        "action_flag": 3,
        "change_message": ""
    }
},
{
    "model": "admin.logentry",
    "pk": 143,
    "fields": {
        "action_time": "2022-01-18T18:54:08.535Z",
        "user": 4,
        "content_type": 16,
        "object_id": "10",
        "object_repr": "BILLABONG WOMENS SPRING FEVER 2MM LONG SLEEVE SHORTY WETSUIT",
        "action_flag": 3,
        "change_message": ""
    }
},
{
    "model": "admin.logentry",
    "pk": 144,
    "fields": {
        "action_time": "2022-01-18T18:54:08.539Z",
        "user": 4,
        "content_type": 16,
        "object_id": "4",
        "object_repr": "PROLOGUE WOMEN - Wetsuit",
        "action_flag": 3,
        "change_message": ""
    }
},
{
    "model": "admin.logentry",
    "pk": 145,
    "fields": {
        "action_time": "2022-01-18T18:54:08.543Z",
        "user": 4,
        "content_type": 16,
        "object_id": "5",
        "object_repr": "3/2mm Women's O'Neill REACTOR 2 Fullsuit",
        "action_flag": 3,
        "change_message": ""
    }
},
{
    "model": "admin.logentry",
    "pk": 146,
    "fields": {
        "action_time": "2022-01-18T18:54:08.546Z",
        "user": 4,
        "content_type": 16,
        "object_id": "6",
        "object_repr": "JOBE AERO YARRA 10'6 STAND UP PADDLE BOARD PACKAGE - BOARD, BAG, PUMP, PADDLE & LEASH",
        "action_flag": 3,
        "change_message": ""
    }
},
{
    "model": "admin.logentry",
    "pk": 147,
    "fields": {
        "action_time": "2022-01-18T18:54:08.549Z",
        "user": 4,
        "content_type": 16,
        "object_id": "9",
        "object_repr": "O'NEILL WOMENS BAHIA 2/1MM FRONT ZIP SHORTY WETSUIT",
        "action_flag": 3,
        "change_message": ""
    }
},
{
    "model": "admin.logentry",
    "pk": 148,
    "fields": {
        "action_time": "2022-01-18T18:54:08.552Z",
        "user": 4,
        "content_type": 16,
        "object_id": "11",
        "object_repr": "BILLABONG WOMENS LAUNCH 4/3MM BACK ZIP GBS WETSUIT",
        "action_flag": 3,
        "change_message": ""
    }
},
{
    "model": "admin.logentry",
    "pk": 149,
    "fields": {
        "action_time": "2022-01-18T18:54:08.555Z",
        "user": 4,
        "content_type": 16,
        "object_id": "12",
        "object_repr": "ROXY WOMENS SYNCRO 4/3MM BACK ZIP GBS WETSUIT",
        "action_flag": 3,
        "change_message": ""
    }
},
{
    "model": "admin.logentry",
    "pk": 150,
    "fields": {
        "action_time": "2022-01-18T18:54:08.558Z",
        "user": 4,
        "content_type": 16,
        "object_id": "2",
        "object_repr": "FUSION AEROBACK",
        "action_flag": 3,
        "change_message": ""
    }
},
{
    "model": "admin.logentry",
    "pk": 151,
    "fields": {
        "action_time": "2022-01-18T18:54:08.562Z",
        "user": 4,
        "content_type": 16,
        "object_id": "7",
        "object_repr": "Beginner inflatable stand-up paddleboard",
        "action_flag": 3,
        "change_message": ""
    }
},
{
    "model": "auth.permission",
    "pk": 1,
    "fields": {
        "name": "Can add log entry",
        "content_type": 1,
        "codename": "add_logentry"
    }
},
{
    "model": "auth.permission",
    "pk": 2,
    "fields": {
        "name": "Can change log entry",
        "content_type": 1,
        "codename": "change_logentry"
    }
},
{
    "model": "auth.permission",
    "pk": 3,
    "fields": {
        "name": "Can delete log entry",
        "content_type": 1,
        "codename": "delete_logentry"
    }
},
{
    "model": "auth.permission",
    "pk": 4,
    "fields": {
        "name": "Can view log entry",
        "content_type": 1,
        "codename": "view_logentry"
    }
},
{
    "model": "auth.permission",
    "pk": 5,
    "fields": {
        "name": "Can add permission",
        "content_type": 2,
        "codename": "add_permission"
    }
},
{
    "model": "auth.permission",
    "pk": 6,
    "fields": {
        "name": "Can change permission",
        "content_type": 2,
        "codename": "change_permission"
    }
},
{
    "model": "auth.permission",
    "pk": 7,
    "fields": {
        "name": "Can delete permission",
        "content_type": 2,
        "codename": "delete_permission"
    }
},
{
    "model": "auth.permission",
    "pk": 8,
    "fields": {
        "name": "Can view permission",
        "content_type": 2,
        "codename": "view_permission"
    }
},
{
    "model": "auth.permission",
    "pk": 9,
    "fields": {
        "name": "Can add group",
        "content_type": 3,
        "codename": "add_group"
    }
},
{
    "model": "auth.permission",
    "pk": 10,
    "fields": {
        "name": "Can change group",
        "content_type": 3,
        "codename": "change_group"
    }
},
{
    "model": "auth.permission",
    "pk": 11,
    "fields": {
        "name": "Can delete group",
        "content_type": 3,
        "codename": "delete_group"
    }
},
{
    "model": "auth.permission",
    "pk": 12,
    "fields": {
        "name": "Can view group",
        "content_type": 3,
        "codename": "view_group"
    }
},
{
    "model": "auth.permission",
    "pk": 13,
    "fields": {
        "name": "Can add user",
        "content_type": 4,
        "codename": "add_user"
    }
},
{
    "model": "auth.permission",
    "pk": 14,
    "fields": {
        "name": "Can change user",
        "content_type": 4,
        "codename": "change_user"
    }
},
{
    "model": "auth.permission",
    "pk": 15,
    "fields": {
        "name": "Can delete user",
        "content_type": 4,
        "codename": "delete_user"
    }
},
{
    "model": "auth.permission",
    "pk": 16,
    "fields": {
        "name": "Can view user",
        "content_type": 4,
        "codename": "view_user"
    }
},
{
    "model": "auth.permission",
    "pk": 17,
    "fields": {
        "name": "Can add content type",
        "content_type": 5,
        "codename": "add_contenttype"
    }
},
{
    "model": "auth.permission",
    "pk": 18,
    "fields": {
        "name": "Can change content type",
        "content_type": 5,
        "codename": "change_contenttype"
    }
},
{
    "model": "auth.permission",
    "pk": 19,
    "fields": {
        "name": "Can delete content type",
        "content_type": 5,
        "codename": "delete_contenttype"
    }
},
{
    "model": "auth.permission",
    "pk": 20,
    "fields": {
        "name": "Can view content type",
        "content_type": 5,
        "codename": "view_contenttype"
    }
},
{
    "model": "auth.permission",
    "pk": 21,
    "fields": {
        "name": "Can add session",
        "content_type": 6,
        "codename": "add_session"
    }
},
{
    "model": "auth.permission",
    "pk": 22,
    "fields": {
        "name": "Can change session",
        "content_type": 6,
        "codename": "change_session"
    }
},
{
    "model": "auth.permission",
    "pk": 23,
    "fields": {
        "name": "Can delete session",
        "content_type": 6,
        "codename": "delete_session"
    }
},
{
    "model": "auth.permission",
    "pk": 24,
    "fields": {
        "name": "Can view session",
        "content_type": 6,
        "codename": "view_session"
    }
},
{
    "model": "auth.permission",
    "pk": 25,
    "fields": {
        "name": "Can add site",
        "content_type": 7,
        "codename": "add_site"
    }
},
{
    "model": "auth.permission",
    "pk": 26,
    "fields": {
        "name": "Can change site",
        "content_type": 7,
        "codename": "change_site"
    }
},
{
    "model": "auth.permission",
    "pk": 27,
    "fields": {
        "name": "Can delete site",
        "content_type": 7,
        "codename": "delete_site"
    }
},
{
    "model": "auth.permission",
    "pk": 28,
    "fields": {
        "name": "Can view site",
        "content_type": 7,
        "codename": "view_site"
    }
},
{
    "model": "auth.permission",
    "pk": 29,
    "fields": {
        "name": "Can add email address",
        "content_type": 8,
        "codename": "add_emailaddress"
    }
},
{
    "model": "auth.permission",
    "pk": 30,
    "fields": {
        "name": "Can change email address",
        "content_type": 8,
        "codename": "change_emailaddress"
    }
},
{
    "model": "auth.permission",
    "pk": 31,
    "fields": {
        "name": "Can delete email address",
        "content_type": 8,
        "codename": "delete_emailaddress"
    }
},
{
    "model": "auth.permission",
    "pk": 32,
    "fields": {
        "name": "Can view email address",
        "content_type": 8,
        "codename": "view_emailaddress"
    }
},
{
    "model": "auth.permission",
    "pk": 33,
    "fields": {
        "name": "Can add email confirmation",
        "content_type": 9,
        "codename": "add_emailconfirmation"
    }
},
{
    "model": "auth.permission",
    "pk": 34,
    "fields": {
        "name": "Can change email confirmation",
        "content_type": 9,
        "codename": "change_emailconfirmation"
    }
},
{
    "model": "auth.permission",
    "pk": 35,
    "fields": {
        "name": "Can delete email confirmation",
        "content_type": 9,
        "codename": "delete_emailconfirmation"
    }
},
{
    "model": "auth.permission",
    "pk": 36,
    "fields": {
        "name": "Can view email confirmation",
        "content_type": 9,
        "codename": "view_emailconfirmation"
    }
},
{
    "model": "auth.permission",
    "pk": 37,
    "fields": {
        "name": "Can add social account",
        "content_type": 10,
        "codename": "add_socialaccount"
    }
},
{
    "model": "auth.permission",
    "pk": 38,
    "fields": {
        "name": "Can change social account",
        "content_type": 10,
        "codename": "change_socialaccount"
    }
},
{
    "model": "auth.permission",
    "pk": 39,
    "fields": {
        "name": "Can delete social account",
        "content_type": 10,
        "codename": "delete_socialaccount"
    }
},
{
    "model": "auth.permission",
    "pk": 40,
    "fields": {
        "name": "Can view social account",
        "content_type": 10,
        "codename": "view_socialaccount"
    }
},
{
    "model": "auth.permission",
    "pk": 41,
    "fields": {
        "name": "Can add social application",
        "content_type": 11,
        "codename": "add_socialapp"
    }
},
{
    "model": "auth.permission",
    "pk": 42,
    "fields": {
        "name": "Can change social application",
        "content_type": 11,
        "codename": "change_socialapp"
    }
},
{
    "model": "auth.permission",
    "pk": 43,
    "fields": {
        "name": "Can delete social application",
        "content_type": 11,
        "codename": "delete_socialapp"
    }
},
{
    "model": "auth.permission",
    "pk": 44,
    "fields": {
        "name": "Can view social application",
        "content_type": 11,
        "codename": "view_socialapp"
    }
},
{
    "model": "auth.permission",
    "pk": 45,
    "fields": {
        "name": "Can add social application token",
        "content_type": 12,
        "codename": "add_socialtoken"
    }
},
{
    "model": "auth.permission",
    "pk": 46,
    "fields": {
        "name": "Can change social application token",
        "content_type": 12,
        "codename": "change_socialtoken"
    }
},
{
    "model": "auth.permission",
    "pk": 47,
    "fields": {
        "name": "Can delete social application token",
        "content_type": 12,
        "codename": "delete_socialtoken"
    }
},
{
    "model": "auth.permission",
    "pk": 48,
    "fields": {
        "name": "Can view social application token",
        "content_type": 12,
        "codename": "view_socialtoken"
    }
},
{
    "model": "auth.permission",
    "pk": 49,
    "fields": {
        "name": "Can add brand",
        "content_type": 13,
        "codename": "add_brand"
    }
},
{
    "model": "auth.permission",
    "pk": 50,
    "fields": {
        "name": "Can change brand",
        "content_type": 13,
        "codename": "change_brand"
    }
},
{
    "model": "auth.permission",
    "pk": 51,
    "fields": {
        "name": "Can delete brand",
        "content_type": 13,
        "codename": "delete_brand"
    }
},
{
    "model": "auth.permission",
    "pk": 52,
    "fields": {
        "name": "Can view brand",
        "content_type": 13,
        "codename": "view_brand"
    }
},
{
    "model": "auth.permission",
    "pk": 53,
    "fields": {
        "name": "Can add category",
        "content_type": 14,
        "codename": "add_category"
    }
},
{
    "model": "auth.permission",
    "pk": 54,
    "fields": {
        "name": "Can change category",
        "content_type": 14,
        "codename": "change_category"
    }
},
{
    "model": "auth.permission",
    "pk": 55,
    "fields": {
        "name": "Can delete category",
        "content_type": 14,
        "codename": "delete_category"
    }
},
{
    "model": "auth.permission",
    "pk": 56,
    "fields": {
        "name": "Can view category",
        "content_type": 14,
        "codename": "view_category"
    }
},
{
    "model": "auth.permission",
    "pk": 57,
    "fields": {
        "name": "Can add colour",
        "content_type": 15,
        "codename": "add_colour"
    }
},
{
    "model": "auth.permission",
    "pk": 58,
    "fields": {
        "name": "Can change colour",
        "content_type": 15,
        "codename": "change_colour"
    }
},
{
    "model": "auth.permission",
    "pk": 59,
    "fields": {
        "name": "Can delete colour",
        "content_type": 15,
        "codename": "delete_colour"
    }
},
{
    "model": "auth.permission",
    "pk": 60,
    "fields": {
        "name": "Can view colour",
        "content_type": 15,
        "codename": "view_colour"
    }
},
{
    "model": "auth.permission",
    "pk": 61,
    "fields": {
        "name": "Can add product",
        "content_type": 16,
        "codename": "add_product"
    }
},
{
    "model": "auth.permission",
    "pk": 62,
    "fields": {
        "name": "Can change product",
        "content_type": 16,
        "codename": "change_product"
    }
},
{
    "model": "auth.permission",
    "pk": 63,
    "fields": {
        "name": "Can delete product",
        "content_type": 16,
        "codename": "delete_product"
    }
},
{
    "model": "auth.permission",
    "pk": 64,
    "fields": {
        "name": "Can view product",
        "content_type": 16,
        "codename": "view_product"
    }
},
{
    "model": "auth.permission",
    "pk": 65,
    "fields": {
        "name": "Can add product inventory",
        "content_type": 17,
        "codename": "add_productinventory"
    }
},
{
    "model": "auth.permission",
    "pk": 66,
    "fields": {
        "name": "Can change product inventory",
        "content_type": 17,
        "codename": "change_productinventory"
    }
},
{
    "model": "auth.permission",
    "pk": 67,
    "fields": {
        "name": "Can delete product inventory",
        "content_type": 17,
        "codename": "delete_productinventory"
    }
},
{
    "model": "auth.permission",
    "pk": 68,
    "fields": {
        "name": "Can view product inventory",
        "content_type": 17,
        "codename": "view_productinventory"
    }
},
{
    "model": "auth.permission",
    "pk": 69,
    "fields": {
        "name": "Can add sub category",
        "content_type": 18,
        "codename": "add_subcategory"
    }
},
{
    "model": "auth.permission",
    "pk": 70,
    "fields": {
        "name": "Can change sub category",
        "content_type": 18,
        "codename": "change_subcategory"
    }
},
{
    "model": "auth.permission",
    "pk": 71,
    "fields": {
        "name": "Can delete sub category",
        "content_type": 18,
        "codename": "delete_subcategory"
    }
},
{
    "model": "auth.permission",
    "pk": 72,
    "fields": {
        "name": "Can view sub category",
        "content_type": 18,
        "codename": "view_subcategory"
    }
},
{
    "model": "auth.permission",
    "pk": 73,
    "fields": {
        "name": "Can add order",
        "content_type": 19,
        "codename": "add_order"
    }
},
{
    "model": "auth.permission",
    "pk": 74,
    "fields": {
        "name": "Can change order",
        "content_type": 19,
        "codename": "change_order"
    }
},
{
    "model": "auth.permission",
    "pk": 75,
    "fields": {
        "name": "Can delete order",
        "content_type": 19,
        "codename": "delete_order"
    }
},
{
    "model": "auth.permission",
    "pk": 76,
    "fields": {
        "name": "Can view order",
        "content_type": 19,
        "codename": "view_order"
    }
},
{
    "model": "auth.permission",
    "pk": 77,
    "fields": {
        "name": "Can add order line item",
        "content_type": 20,
        "codename": "add_orderlineitem"
    }
},
{
    "model": "auth.permission",
    "pk": 78,
    "fields": {
        "name": "Can change order line item",
        "content_type": 20,
        "codename": "change_orderlineitem"
    }
},
{
    "model": "auth.permission",
    "pk": 79,
    "fields": {
        "name": "Can delete order line item",
        "content_type": 20,
        "codename": "delete_orderlineitem"
    }
},
{
    "model": "auth.permission",
    "pk": 80,
    "fields": {
        "name": "Can view order line item",
        "content_type": 20,
        "codename": "view_orderlineitem"
    }
},
{
    "model": "auth.permission",
    "pk": 81,
    "fields": {
        "name": "Can add user profile",
        "content_type": 21,
        "codename": "add_userprofile"
    }
},
{
    "model": "auth.permission",
    "pk": 82,
    "fields": {
        "name": "Can change user profile",
        "content_type": 21,
        "codename": "change_userprofile"
    }
},
{
    "model": "auth.permission",
    "pk": 83,
    "fields": {
        "name": "Can delete user profile",
        "content_type": 21,
        "codename": "delete_userprofile"
    }
},
{
    "model": "auth.permission",
    "pk": 84,
    "fields": {
        "name": "Can view user profile",
        "content_type": 21,
        "codename": "view_userprofile"
    }
},
{
    "model": "auth.user",
    "pk": 1,
    "fields": {
        "password": "pbkdf2_sha256$260000$fS3sUM9O7LkNjBwyG3wbJq$P8Gp+/D+rfYJ/BOprZHbo9Po0uBUSZIV2NI26zObVLI=",
        "last_login": "2022-01-17T23:10:37.848Z",
        "is_superuser": true,
        "username": "catrionamcd@gmail.com",
        "first_name": "Catriona",
        "last_name": "McDonnell",
        "email": "test@gmail.com",
        "is_staff": true,
        "is_active": true,
        "date_joined": "2022-01-12T13:24:30Z",
        "groups": [],
        "user_permissions": []
    }
},
{
    "model": "auth.user",
    "pk": 2,
    "fields": {
        "password": "pbkdf2_sha256$260000$UnF1UfuNPcZ0nkSeHGcg9f$1bAo72tOsG44CTZyxwWLISme4rzJ0hj2n93cCMSibh0=",
        "last_login": null,
        "is_superuser": false,
        "username": "KateMcD",
        "first_name": "",
        "last_name": "",
        "email": "TestUser@test.com",
        "is_staff": false,
        "is_active": true,
        "date_joined": "2022-01-12T14:15:17.352Z",
        "groups": [],
        "user_permissions": []
    }
},
{
    "model": "auth.user",
    "pk": 3,
    "fields": {
        "password": "pbkdf2_sha256$260000$vBV9ZhKiuFlnfNSJtGgHGy$oFM3TUTSm6npbLQh5Ed4zsOSC5A14JkYPjrWOjFjE1Q=",
        "last_login": "2022-01-16T11:39:01.249Z",
        "is_superuser": false,
        "username": "DavyH",
        "first_name": "",
        "last_name": "",
        "email": "mcdonnelldavy@gmail.com",
        "is_staff": false,
        "is_active": true,
        "date_joined": "2022-01-12T14:17:31.131Z",
        "groups": [],
        "user_permissions": []
    }
},
{
    "model": "auth.user",
    "pk": 4,
    "fields": {
        "password": "pbkdf2_sha256$260000$So73ok1eWAdxIPidp0O98n$+XyxQMeM3e1yK9pyXl23PQ1dYd7cYZjagVx84iMZ39o=",
        "last_login": "2022-01-18T10:59:15.527Z",
        "is_superuser": true,
        "username": "Admin",
        "first_name": "Admin fname",
        "last_name": "",
        "email": "catrionamcd@gmail.com",
        "is_staff": true,
        "is_active": true,
        "date_joined": "2022-01-13T19:38:14Z",
        "groups": [],
        "user_permissions": []
    }
},
{
    "model": "contenttypes.contenttype",
    "pk": 1,
    "fields": {
        "app_label": "admin",
        "model": "logentry"
    }
},
{
    "model": "contenttypes.contenttype",
    "pk": 2,
    "fields": {
        "app_label": "auth",
        "model": "permission"
    }
},
{
    "model": "contenttypes.contenttype",
    "pk": 3,
    "fields": {
        "app_label": "auth",
        "model": "group"
    }
},
{
    "model": "contenttypes.contenttype",
    "pk": 4,
    "fields": {
        "app_label": "auth",
        "model": "user"
    }
},
{
    "model": "contenttypes.contenttype",
    "pk": 5,
    "fields": {
        "app_label": "contenttypes",
        "model": "contenttype"
    }
},
{
    "model": "contenttypes.contenttype",
    "pk": 6,
    "fields": {
        "app_label": "sessions",
        "model": "session"
    }
},
{
    "model": "contenttypes.contenttype",
    "pk": 7,
    "fields": {
        "app_label": "sites",
        "model": "site"
    }
},
{
    "model": "contenttypes.contenttype",
    "pk": 8,
    "fields": {
        "app_label": "account",
        "model": "emailaddress"
    }
},
{
    "model": "contenttypes.contenttype",
    "pk": 9,
    "fields": {
        "app_label": "account",
        "model": "emailconfirmation"
    }
},
{
    "model": "contenttypes.contenttype",
    "pk": 10,
    "fields": {
        "app_label": "socialaccount",
        "model": "socialaccount"
    }
},
{
    "model": "contenttypes.contenttype",
    "pk": 11,
    "fields": {
        "app_label": "socialaccount",
        "model": "socialapp"
    }
},
{
    "model": "contenttypes.contenttype",
    "pk": 12,
    "fields": {
        "app_label": "socialaccount",
        "model": "socialtoken"
    }
},
{
    "model": "contenttypes.contenttype",
    "pk": 13,
    "fields": {
        "app_label": "products",
        "model": "brand"
    }
},
{
    "model": "contenttypes.contenttype",
    "pk": 14,
    "fields": {
        "app_label": "products",
        "model": "category"
    }
},
{
    "model": "contenttypes.contenttype",
    "pk": 15,
    "fields": {
        "app_label": "products",
        "model": "colour"
    }
},
{
    "model": "contenttypes.contenttype",
    "pk": 16,
    "fields": {
        "app_label": "products",
        "model": "product"
    }
},
{
    "model": "contenttypes.contenttype",
    "pk": 17,
    "fields": {
        "app_label": "products",
        "model": "productinventory"
    }
},
{
    "model": "contenttypes.contenttype",
    "pk": 18,
    "fields": {
        "app_label": "products",
        "model": "subcategory"
    }
},
{
    "model": "contenttypes.contenttype",
    "pk": 19,
    "fields": {
        "app_label": "checkout",
        "model": "order"
    }
},
{
    "model": "contenttypes.contenttype",
    "pk": 20,
    "fields": {
        "app_label": "checkout",
        "model": "orderlineitem"
    }
},
{
    "model": "contenttypes.contenttype",
    "pk": 21,
    "fields": {
        "app_label": "profiles",
        "model": "userprofile"
    }
},
{
    "model": "sessions.session",
    "pk": "4lqry94uav5tq4iuividzicbqmqdun4f",
    "fields": {
        "session_data": ".eJxVjLkOwjAQRP_FNbISH7lK-nyDtfZusAHZkg8axL-TSCmgnJk3780MtOpNK5RNQLawnl1-OwvuQfEY8A7xlrhLseZg-YHwcy18TUjP68n-CTwUv7_FIJxWo9SDdoiEo5AwOuX0vOdJEU3KIg1Kys2Kuds0aaBeQWexg4nkLi3wIhPilthSc6PPF9frPoU:1n81Ws:KTgfqE7HCjFL40z-_Utb0NrqJcCMUyXEcFxKdJPB8UA",
        "expire_date": "2022-01-27T14:56:42.896Z"
    }
},
{
    "model": "sessions.session",
    "pk": "htumo8x8t5s3q1ta6obv632bskee4l9t",
    "fields": {
        "session_data": ".eJxVjMsOwiAURP-FtSGUR2m7dO83kAv3VlADTWkTjfHfbZMudDkzZ86bOViX6NZKs0vIBtaw02_nIdwp7wPeIF8LDyUvc_J8R_ixVn4pSI_zwf4JItS4vWUrg9FWmdYEREIrFdigg-m33GmiTnukVis1etmL0ZABajQIjwI6Uru0Uq2pZEfPKc0vNojPF5jXP54:1n8sM9:RRi6vFevYTP-_LZT_3dTpx0xZk67Ku_DpafgZURkatI",
        "expire_date": "2022-01-29T23:21:09.837Z"
    }
},
{
    "model": "sessions.session",
    "pk": "mkye0etd5gae1jhlgfk1dyqox6icpb7l",
    "fields": {
        "session_data": ".eJxVjjtvhDAQhP-KtTVCtsFnoEyfKuVxsvxYAxceEbaLy4n_HiNdpKRZrb6ZndknKJ3iqFLAXU0OOqih-MuMtp-4noK763XYSrutcZ9MeVrKlxrK983h_Pby_gsYdRjztZUSjWhqL6uqEXnhdcOkrlrbGuNpI9uWc0et8MYxzTjn9aX10llZ4UU4mkONHqB7gjjHFHEJyjxUmL7xBAt07DiOXL1gCHrAkEuv1x6Uuodt_aU9FIQWhIuC9PCRrM3Yp3l-kPw_RnSEUfK1by7ZGMoebjc4fgA-nF8w:1n9tcO:ylFsgRkjGkxbe_vU7vXh-lI-1CcsgpI9dp68QPF4I2Y",
        "expire_date": "2022-02-01T18:54:08.573Z"
    }
},
{
    "model": "sessions.session",
    "pk": "pn33dra17jqim08t5ta3xzgu79agg8at",
    "fields": {
        "session_data": ".eJxlj0FuwyAQRe_CGlk2BgNZdt8TVJE1wBC7TUHC0E2Uu3fcepG0OzTv_zfDjc3Q6jK3Dcu8BnZikvHHmQP_gWkH4R3SJXc-p1pW1-2R7qBb95oDXl-O7JNggW2httcanTIy6nE0ih5CmkHDaL11LvZGWytE6L2KLgwwCCHkZKMOXo84qdCT1EOd_YK0g855M1xzyxWfzr9kTQErls81QUXiNN6aeygMXFDF8JHLo-YKpPAn8UN3Zb7mVp7hroQvpFUxs1MtDTm70Iex_Jec79-GM24V:1n9a95:BaTFAkwg77vtM6Ygsx4CbGOHy9qIyP6FF-NTNaBd-TE",
        "expire_date": "2022-01-31T22:06:35.408Z"
    }
},
{
    "model": "sessions.session",
    "pk": "s1w0ssl3ief6snsiwrwdxb2p8vi82wes",
    "fields": {
        "session_data": ".eJyrVkpOLIlPzkhNzk5NUbKKttAx1zHVMYvVAYtn5qWklqQW5WbmJZakAmWBwsWlSUjKDXWMgBosdIx1TKDakooS81KQVBiBjMrPyS8tQtUWWwsAlu0nYw:1n9Dnr:GFOtizy66nZ5p7sZUid2a7jXEslyFOj2uiUQHHYIT_E",
        "expire_date": "2022-01-30T22:15:11.320Z"
    }
},
{
    "model": "sites.site",
    "pk": 1,
    "fields": {
        "domain": "dolfinsurf.example.com",
        "name": "DolFin Surf Shop"
    }
},
{
    "model": "account.emailaddress",
    "pk": 1,
    "fields": {
        "user": 1,
        "email": "catrionamcd@gmail.com",
        "verified": true,
        "primary": true
    }
},
{
    "model": "account.emailaddress",
    "pk": 2,
    "fields": {
        "user": 2,
        "email": "TestUser@test.com",
        "verified": true,
        "primary": true
    }
},
{
    "model": "account.emailaddress",
    "pk": 3,
    "fields": {
        "user": 3,
        "email": "mcdonnelldavy@gmail.com",
        "verified": true,
        "primary": true
    }
},
{
    "model": "products.category",
    "pk": 5,
    "fields": {
        "category_name_slug": "swim-wear",
        "name": "Swim Wear",
        "image": "swimwear_oBhDY67.jpg",
        "sale_percent": 0,
        "giftcard_category": false
    }
},
{
    "model": "products.category",
    "pk": 6,
    "fields": {
        "category_name_slug": "wetsuits",
        "name": "Wetsuits",
        "image": "woman-wetsuit_DAFrPHR.jpg",
        "sale_percent": 10,
        "giftcard_category": false
    }
},
{
    "model": "products.category",
    "pk": 7,
    "fields": {
        "category_name_slug": "boards",
        "name": "Boards",
        "image": "surf-boards_VlRACZu.jpg",
        "sale_percent": 0,
        "giftcard_category": false
    }
},
{
    "model": "products.category",
    "pk": 8,
    "fields": {
        "category_name_slug": "accessories",
        "name": "Accessories",
        "image": "surf-van_ZAKttZv.jpg",
        "sale_percent": 0,
        "giftcard_category": false
    }
},
{
    "model": "products.category",
    "pk": 9,
    "fields": {
        "category_name_slug": "gift-card",
        "name": "Gift Card",
        "image": "surfer-in-wave_wOtH2h7.jpg",
        "sale_percent": 0,
        "giftcard_category": true
    }
},
{
    "model": "products.subcategory",
    "pk": 1,
    "fields": {
        "category": 7,
        "name": "paddleboard",
        "friendly_name": "Paddle Board"
    }
},
{
    "model": "products.subcategory",
    "pk": 2,
    "fields": {
        "category": 7,
        "name": "surfboard",
        "friendly_name": "Surf Board"
    }
},
{
    "model": "products.subcategory",
    "pk": 4,
    "fields": {
        "category": 6,
        "name": "4mm-wetsuit",
        "friendly_name": "4mm Wetsuit"
    }
},
{
    "model": "products.subcategory",
    "pk": 5,
    "fields": {
        "category": 6,
        "name": "3mm-wetsuit",
        "friendly_name": "3mm Wetsuit"
    }
},
{
    "model": "products.subcategory",
    "pk": 6,
    "fields": {
        "category": 6,
        "name": "shorty-wetsuit",
        "friendly_name": "Shorty Wetsuit"
    }
},
{
    "model": "products.subcategory",
    "pk": 7,
    "fields": {
        "category": 5,
        "name": "Female",
        "friendly_name": null
    }
},
{
    "model": "products.subcategory",
    "pk": 8,
    "fields": {
        "category": 5,
        "name": "Male",
        "friendly_name": null
    }
},
{
    "model": "products.brand",
    "pk": 1,
    "fields": {
        "brand_name_slug": "billabong",
        "brand_name": "Billabong"
    }
},
{
    "model": "products.brand",
    "pk": 2,
    "fields": {
        "brand_name_slug": "roxy",
        "brand_name": "Roxy"
    }
},
{
    "model": "products.brand",
    "pk": 3,
    "fields": {
        "brand_name_slug": "oneills",
        "brand_name": "O'Neills"
    }
},
{
    "model": "products.brand",
    "pk": 4,
    "fields": {
        "brand_name_slug": "quicksilver",
        "brand_name": "Quicksilver"
    }
},
{
    "model": "products.brand",
    "pk": 5,
    "fields": {
        "brand_name_slug": "tyr",
        "brand_name": "TYR"
    }
},
{
    "model": "products.colour",
    "pk": 1,
    "fields": {
        "colour_slug": "red",
        "colour": "Red"
    }
},
{
    "model": "products.colour",
    "pk": 2,
    "fields": {
        "colour_slug": "black",
        "colour": "Black"
    }
},
{
    "model": "products.product",
    "pk": 1,
    "fields": {
        "category": 6,
        "subcategory": null,
        "brand": 1,
        "sku": "pp00000001",
        "name": "3/2mm Synergy - Chest Zip Wetsuit for Women",
        "description": "test",
        "date_created": "2022-01-13T20:40:46.704Z",
        "has_sizes": true,
        "has_gender": true,
        "gender": "2",
        "has_colours": true,
        "price": "29.99",
        "rating": null,
        "image_url": null,
        "image": "3test.jpg",
        "obsolete": false
    }
},
{
    "model": "products.product",
    "pk": 3,
    "fields": {
        "category": 5,
        "subcategory": null,
        "brand": 2,
        "sku": "pp00000002",
        "name": "ROXY WOMENS 4/3MM POP SURF CHEST ZIP WETSUIT",
        "description": "POP Surf is about sustainable style that performs. This ultra-light and stretchy chest zip wetsuit blends pop printed panelling with the cutting-edge innovation of our StretchFlight x3 limestone neoprene and WarmFlight thermal fleece lining for a form-flattering silhouette that offers warmth and insulation.",
        "date_created": "2022-01-15T18:49:21.923Z",
        "has_sizes": true,
        "has_gender": false,
        "gender": null,
        "has_colours": false,
        "price": "219.00",
        "rating": null,
        "image_url": null,
        "image": "Roxy-Test_SImLgHB.jpg",
        "obsolete": false
    }
},
{
    "model": "products.productinventory",
    "pk": 1,
    "fields": {
        "product": 1,
        "colour": null,
        "size": "M",
        "image_url": null,
        "image": "",
        "quantity": 5
    }
},
{
    "model": "products.productinventory",
    "pk": 2,
    "fields": {
        "product": 1,
        "colour": null,
        "size": "L",
        "image_url": null,
        "image": "",
        "quantity": 3
    }
},
{
    "model": "checkout.order",
    "pk": 1,
    "fields": {
        "order_number": "DB35776738F44423BC67AAF8BF4A77B5",
        "user_profile": null,
        "full_name": "asdfdds",
        "email": "catrionamcd@gmail.com",
        "phone_number": "+353876481588",
        "country": "IE",
        "postcode": "V95D8K8",
        "town_or_city": "Ennis",
        "street_address1": "32 The Willows,",
        "street_address2": "Oakleigh Wood, Tulla Road,",
        "county": "Clare",
        "date": "2022-01-12T15:16:29.559Z",
        "delivery_cost": "0.00",
        "order_total": "0.00",
        "grand_total": "0.00",
        "original_bag": "{\"6\": 1}",
        "stripe_pid": "pi_3KH8YUGe0sMxAx481OrHFNyM"
    }
},
{
    "model": "checkout.order",
    "pk": 2,
    "fields": {
        "order_number": "804CBD42FDA24DC6804E966C2F3F8BE9",
        "user_profile": null,
        "full_name": "afsfddfdssd",
        "email": "catrionamcd@gmail.com",
        "phone_number": "+353876481588",
        "country": "IE",
        "postcode": "V95D8K8",
        "town_or_city": "Ennis",
        "street_address1": "32 The Willows,",
        "street_address2": "Oakleigh Wood, Tulla Road,",
        "county": "Clare",
        "date": "2022-01-12T15:24:41.877Z",
        "delivery_cost": "0.00",
        "order_total": "0.00",
        "grand_total": "0.00",
        "original_bag": "{\"1\": {\"items_by_size\": {\"m\": 1}}}",
        "stripe_pid": "pi_3KH8gNGe0sMxAx480zVCuOmk"
    }
},
{
    "model": "checkout.order",
    "pk": 3,
    "fields": {
        "order_number": "EB9ED8FB28294A299115D77C07962642",
        "user_profile": 1,
        "full_name": "Catriona",
        "email": "catrionamcd@gmail.com",
        "phone_number": "+353876481588",
        "country": "IE",
        "postcode": "V95D8K8",
        "town_or_city": "Ennis",
        "street_address1": "32 The Willows,",
        "street_address2": "Oakleigh Wood, Tulla Road,",
        "county": "Clare",
        "date": "2022-01-12T16:30:54.085Z",
        "delivery_cost": "0.00",
        "order_total": "0.00",
        "grand_total": "0.00",
        "original_bag": "{\"1\": {\"items_by_size\": {\"m\": 1}}}",
        "stripe_pid": "pi_3KH9iLGe0sMxAx481V9zDHQy"
    }
},
{
    "model": "checkout.order",
    "pk": 4,
    "fields": {
        "order_number": "617A0CA5E9864028AB929318E0B1915C",
        "user_profile": null,
        "full_name": "Testing Confirmation Email",
        "email": "test@gmail.com",
        "phone_number": "+353876481588",
        "country": "IE",
        "postcode": "V95D8K8",
        "town_or_city": "Ennis",
        "street_address1": "32 The Willows,",
        "street_address2": "Oakleigh Wood, Tulla Road,",
        "county": "Clare",
        "date": "2022-01-13T09:07:07.631Z",
        "delivery_cost": "0.00",
        "order_total": "0.00",
        "grand_total": "0.00",
        "original_bag": "{\"6\": 1}",
        "stripe_pid": "pi_3KHPFkGe0sMxAx481cQgDZNy"
    }
},
{
    "model": "checkout.order",
    "pk": 5,
    "fields": {
        "order_number": "AB6865C64DE642FB945C754910D3534E",
        "user_profile": 1,
        "full_name": "Testing Confirmation Email",
        "email": "test@gmail.com",
        "phone_number": "+353876481588",
        "country": "IE",
        "postcode": "V95D8K8",
        "town_or_city": "Ennis",
        "street_address1": "32 The Willows,",
        "street_address2": "Oakleigh Wood, Tulla Road,",
        "county": "Clare",
        "date": "2022-01-13T09:13:46.123Z",
        "delivery_cost": "0.00",
        "order_total": "0.00",
        "grand_total": "0.00",
        "original_bag": "{\"6\": 1}",
        "stripe_pid": "pi_3KHPFkGe0sMxAx481cQgDZNy"
    }
},
{
    "model": "checkout.order",
    "pk": 6,
    "fields": {
        "order_number": "BF805F7B942A40EEB92D471D958F1C1A",
        "user_profile": 1,
        "full_name": "Catriona McDonnell",
        "email": "catrionamcd@gmail.com",
        "phone_number": "+353876481588",
        "country": "IE",
        "postcode": "V95D8K8",
        "town_or_city": "Ennis",
        "street_address1": "32 The Willows,",
        "street_address2": "Oakleigh Wood, Tulla Road,",
        "county": "Clare",
        "date": "2022-01-13T09:46:23.435Z",
        "delivery_cost": "0.00",
        "order_total": "0.00",
        "grand_total": "0.00",
        "original_bag": "{\"5\": 1}",
        "stripe_pid": "pi_3KHPsYGe0sMxAx48111HNcjJ"
    }
},
{
    "model": "checkout.order",
    "pk": 7,
    "fields": {
        "order_number": "01E4159D9926416EA1E931F030B88336",
        "user_profile": 1,
        "full_name": "Catriona McDonnell",
        "email": "catrionamcd@gmail.com",
        "phone_number": "+353876481588",
        "country": "IE",
        "postcode": "V95D8K8",
        "town_or_city": "Ennis",
        "street_address1": "32 The Willows,",
        "street_address2": "Oakleigh Wood, Tulla Road,",
        "county": "Clare",
        "date": "2022-01-13T09:59:19.256Z",
        "delivery_cost": "0.00",
        "order_total": "0.00",
        "grand_total": "0.00",
        "original_bag": "{\"1\": {\"items_by_size\": {\"m\": 1}}}",
        "stripe_pid": "pi_3KHQ5CGe0sMxAx480wGIXZJi"
    }
},
{
    "model": "checkout.order",
    "pk": 8,
    "fields": {
        "order_number": "7E8E5072B2EC48CE901A618DF699C272",
        "user_profile": 1,
        "full_name": "Catriona McDonnell",
        "email": "catrionamcd@gmail.com",
        "phone_number": "+353876481588",
        "country": "IE",
        "postcode": "V95D8K8",
        "town_or_city": "Ennis",
        "street_address1": "32 The Willows,",
        "street_address2": "Oakleigh Wood, Tulla Road,",
        "county": "Clare",
        "date": "2022-01-13T10:20:55.854Z",
        "delivery_cost": "0.00",
        "order_total": "0.00",
        "grand_total": "0.00",
        "original_bag": "{\"1\": {\"items_by_size\": {\"m\": 1}}}",
        "stripe_pid": "pi_3KHQQ3Ge0sMxAx481zqcqoI4"
    }
},
{
    "model": "checkout.order",
    "pk": 9,
    "fields": {
        "order_number": "653E066BD2B64956B1420E0B6C78EDF8",
        "user_profile": 1,
        "full_name": "Catriona McDonnell",
        "email": "catrionamcd@gmail.com",
        "phone_number": "+353876481588",
        "country": "IE",
        "postcode": "V95D8K8",
        "town_or_city": "Ennis",
        "street_address1": "32 The Willows,",
        "street_address2": "Oakleigh Wood, Tulla Road,",
        "county": "Clare",
        "date": "2022-01-13T10:51:39.734Z",
        "delivery_cost": "0.00",
        "order_total": "0.00",
        "grand_total": "0.00",
        "original_bag": "{\"1\": {\"items_by_size\": {\"m\": 1}}}",
        "stripe_pid": "pi_3KHQtoGe0sMxAx480y7AVZH2"
    }
},
{
    "model": "checkout.order",
    "pk": 10,
    "fields": {
        "order_number": "1A3F7BD2D4B64AC8B6571C1C5AA56336",
        "user_profile": 1,
        "full_name": "Catriona McDonnell",
        "email": "catrionamcd@gmail.com",
        "phone_number": "+353876481588",
        "country": "IE",
        "postcode": "V95D8K8",
        "town_or_city": "Ennis",
        "street_address1": "32 The Willows,",
        "street_address2": "Oakleigh Wood, Tulla Road,",
        "county": "Clare",
        "date": "2022-01-13T11:00:50.749Z",
        "delivery_cost": "0.00",
        "order_total": "0.00",
        "grand_total": "0.00",
        "original_bag": "{\"2\": {\"items_by_size\": {\"m\": 1}}}",
        "stripe_pid": "pi_3KHR2gGe0sMxAx481bSGYMv8"
    }
},
{
    "model": "checkout.order",
    "pk": 11,
    "fields": {
        "order_number": "59230341ABB2419898F751EEAF9B8009",
        "user_profile": 1,
        "full_name": "Catriona McDonnell",
        "email": "catrionamcd@gmail.com",
        "phone_number": "+353876481588",
        "country": "IE",
        "postcode": "V95D8K8",
        "town_or_city": "Ennis",
        "street_address1": "32 The Willows,",
        "street_address2": "Oakleigh Wood, Tulla Road,",
        "county": "Clare",
        "date": "2022-01-13T11:17:07.623Z",
        "delivery_cost": "0.00",
        "order_total": "0.00",
        "grand_total": "0.00",
        "original_bag": "{\"6\": 1}",
        "stripe_pid": "pi_3KHRIVGe0sMxAx481KDgxgWu"
    }
},
{
    "model": "checkout.order",
    "pk": 12,
    "fields": {
        "order_number": "682F91E241B144AE82E9D0365F560019",
        "user_profile": 1,
        "full_name": "Catriona McDonnell",
        "email": "catrionamcd@gmail.com",
        "phone_number": "+353876481588",
        "country": "IE",
        "postcode": "V95D8K8",
        "town_or_city": "Ennis",
        "street_address1": "32 The Willows,",
        "street_address2": "Oakleigh Wood, Tulla Road,",
        "county": "Clare",
        "date": "2022-01-13T11:19:19.183Z",
        "delivery_cost": "0.00",
        "order_total": "0.00",
        "grand_total": "0.00",
        "original_bag": "{\"1\": {\"items_by_size\": {\"m\": 1}}}",
        "stripe_pid": "pi_3KHRKdGe0sMxAx480603fKKI"
    }
},
{
    "model": "checkout.order",
    "pk": 13,
    "fields": {
        "order_number": "2F4FD4A1A0AB4A0A8795519B8D64CFA6",
        "user_profile": 1,
        "full_name": "Catriona McDonnell",
        "email": "catrionamcd@gmail.com",
        "phone_number": "+353876481588",
        "country": "IE",
        "postcode": "V95D8K8",
        "town_or_city": "Ennis",
        "street_address1": "32 The Willows,",
        "street_address2": "Oakleigh Wood, Tulla Road,",
        "county": "Clare",
        "date": "2022-01-13T11:37:10.238Z",
        "delivery_cost": "0.00",
        "order_total": "0.00",
        "grand_total": "0.00",
        "original_bag": "{\"5\": 1}",
        "stripe_pid": "pi_3KHRbsGe0sMxAx481yrqtHLX"
    }
},
{
    "model": "checkout.order",
    "pk": 14,
    "fields": {
        "order_number": "E6A22F39AC674153BEEF22C21F38F6BA",
        "user_profile": 1,
        "full_name": "Catriona McDonnell",
        "email": "catrionamcd@gmail.com",
        "phone_number": "+353876481588",
        "country": "IE",
        "postcode": "V95D8K8",
        "town_or_city": "Ennis",
        "street_address1": "32 The Willows,",
        "street_address2": "Oakleigh Wood, Tulla Road,",
        "county": "Clare",
        "date": "2022-01-13T11:53:53.246Z",
        "delivery_cost": "0.00",
        "order_total": "0.00",
        "grand_total": "0.00",
        "original_bag": "{\"6\": 1}",
        "stripe_pid": "pi_3KHRs7Ge0sMxAx481luufhws"
    }
},
{
    "model": "checkout.order",
    "pk": 15,
    "fields": {
        "order_number": "D0C576971FB543EC8AA536E985443BC3",
        "user_profile": 1,
        "full_name": "Catriona McDonnell",
        "email": "catrionamcd@gmail.com",
        "phone_number": "+353876481588",
        "country": "IE",
        "postcode": "V95D8K8",
        "town_or_city": "Ennis",
        "street_address1": "32 The Willows,",
        "street_address2": "Oakleigh Wood, Tulla Road,",
        "county": "Clare",
        "date": "2022-01-13T12:33:57.729Z",
        "delivery_cost": "0.00",
        "order_total": "0.00",
        "grand_total": "0.00",
        "original_bag": "{\"1\": {\"items_by_size\": {\"m\": 1}}}",
        "stripe_pid": "pi_3KHSUoGe0sMxAx480q7pJRtG"
    }
},
{
    "model": "checkout.order",
    "pk": 16,
    "fields": {
        "order_number": "0013BE5FA3E1453D9E0E07869899F596",
        "user_profile": 1,
        "full_name": "Catriona McDonnell",
        "email": "catrionamcd@gmail.com",
        "phone_number": "+353876481588",
        "country": "IE",
        "postcode": "V95D8K8",
        "town_or_city": "Ennis",
        "street_address1": "32 The Willows,",
        "street_address2": "Oakleigh Wood, Tulla Road,",
        "county": "Clare",
        "date": "2022-01-13T13:13:08.397Z",
        "delivery_cost": "0.00",
        "order_total": "0.00",
        "grand_total": "0.00",
        "original_bag": "{\"3\": 1}",
        "stripe_pid": "pi_3KHT6lGe0sMxAx481G5mEQIj"
    }
},
{
    "model": "checkout.order",
    "pk": 17,
    "fields": {
        "order_number": "679B91EA95874C3DB8F495288249C90F",
        "user_profile": 1,
        "full_name": "Catriona McDonnell",
        "email": "catrionamcd@gmail.com",
        "phone_number": "+353876481588",
        "country": "IE",
        "postcode": "V95D8K8",
        "town_or_city": "Ennis",
        "street_address1": "32 The Willows,",
        "street_address2": "Oakleigh Wood, Tulla Road,",
        "county": "Clare",
        "date": "2022-01-13T13:42:19.692Z",
        "delivery_cost": "0.00",
        "order_total": "0.00",
        "grand_total": "0.00",
        "original_bag": "{\"6\": 1}",
        "stripe_pid": "pi_3KHTYzGe0sMxAx481fz77g7M"
    }
},
{
    "model": "checkout.order",
    "pk": 18,
    "fields": {
        "order_number": "431AD661C74147C49E9DCB21FAA5C365",
        "user_profile": 1,
        "full_name": "Catriona McDonnell",
        "email": "catrionamcd@gmail.com",
        "phone_number": "+353876481588",
        "country": "IE",
        "postcode": "V95D8K8",
        "town_or_city": "Ennis",
        "street_address1": "32 The Willows,",
        "street_address2": "Oakleigh Wood, Tulla Road,",
        "county": "Clare",
        "date": "2022-01-13T13:47:00.709Z",
        "delivery_cost": "0.00",
        "order_total": "0.00",
        "grand_total": "0.00",
        "original_bag": "{\"5\": 1}",
        "stripe_pid": "pi_3KHTdXGe0sMxAx480hMLXZ2e"
    }
},
{
    "model": "checkout.order",
    "pk": 19,
    "fields": {
        "order_number": "BC50F4A4229A40AFA1E42AED6D04F22A",
        "user_profile": 1,
        "full_name": "Catriona McDonnell",
        "email": "catrionamcd@gmail.com",
        "phone_number": "+353876481588",
        "country": "IE",
        "postcode": "V95D8K8",
        "town_or_city": "Ennis",
        "street_address1": "32 The Willows,",
        "street_address2": "Oakleigh Wood, Tulla Road,",
        "county": "Clare",
        "date": "2022-01-13T14:17:23.902Z",
        "delivery_cost": "0.00",
        "order_total": "0.00",
        "grand_total": "0.00",
        "original_bag": "{\"6\": 1}",
        "stripe_pid": "pi_3KHU5cGe0sMxAx480tGFVQaI"
    }
},
{
    "model": "checkout.order",
    "pk": 20,
    "fields": {
        "order_number": "D228528C73434499910B7A69B9285FC8",
        "user_profile": 1,
        "full_name": "Catriona McDonnell",
        "email": "catrionamcd@gmail.com",
        "phone_number": "+353876481588",
        "country": "IE",
        "postcode": "V95D8K8",
        "town_or_city": "Ennis",
        "street_address1": "32 The Willows,",
        "street_address2": "Oakleigh Wood, Tulla Road,",
        "county": "Clare",
        "date": "2022-01-13T14:33:19.604Z",
        "delivery_cost": "0.00",
        "order_total": "0.00",
        "grand_total": "0.00",
        "original_bag": "{\"1\": {\"items_by_size\": {\"m\": 1}}}",
        "stripe_pid": "pi_3KHUMHGe0sMxAx481sEUT8R2"
    }
},
{
    "model": "checkout.order",
    "pk": 21,
    "fields": {
        "order_number": "B293F26372254B6791BB811638CB9FDF",
        "user_profile": 1,
        "full_name": "Catriona McDonnell",
        "email": "catrionamcd@gmail.com",
        "phone_number": "+353876481588",
        "country": "IE",
        "postcode": "V95D8K8",
        "town_or_city": "Ennis",
        "street_address1": "32 The Willows,",
        "street_address2": "Oakleigh Wood, Tulla Road,",
        "county": "Clare",
        "date": "2022-01-13T14:35:20.947Z",
        "delivery_cost": "0.00",
        "order_total": "0.00",
        "grand_total": "0.00",
        "original_bag": "{\"6\": 1}",
        "stripe_pid": "pi_3KHUOIGe0sMxAx481QFf0lne"
    }
},
{
    "model": "checkout.order",
    "pk": 22,
    "fields": {
        "order_number": "31ABE91B903C47BFADE551D25BB894E5",
        "user_profile": null,
        "full_name": "catriona",
        "email": "catrionamcd@gmail.com",
        "phone_number": "+353876481588",
        "country": "IE",
        "postcode": "V95D8K8",
        "town_or_city": "Ennis",
        "street_address1": "32 The Willows,",
        "street_address2": "Oakleigh Wood, Tulla Road,",
        "county": "Clare",
        "date": "2022-01-13T16:12:19.275Z",
        "delivery_cost": "0.00",
        "order_total": "0.00",
        "grand_total": "0.00",
        "original_bag": "{\"1\": {\"items_by_size\": {\"m\": 1}}}",
        "stripe_pid": "pi_3KHVtzGe0sMxAx481uD2LzUL"
    }
},
{
    "model": "checkout.order",
    "pk": 23,
    "fields": {
        "order_number": "8847F3F0A05D40429EA8E6FC385B25D3",
        "user_profile": 4,
        "full_name": "agadga",
        "email": "catrionamcd@gmail.com",
        "phone_number": "+353876481588",
        "country": "IE",
        "postcode": "V95D8K8",
        "town_or_city": "Ennis",
        "street_address1": "32 The Willows,",
        "street_address2": "Oakleigh Wood, Tulla Road,",
        "county": "Clare",
        "date": "2022-01-13T19:39:43.555Z",
        "delivery_cost": "0.00",
        "order_total": "0.00",
        "grand_total": "0.00",
        "original_bag": "{\"1\": {\"items_by_size\": {\"m\": 1}}}",
        "stripe_pid": "pi_3KHZ8rGe0sMxAx481f1iF0jI"
    }
},
{
    "model": "checkout.order",
    "pk": 24,
    "fields": {
        "order_number": "8012CFFCB8B34D41A7ABBB27B37F8AAE",
        "user_profile": 4,
        "full_name": "Catriona McDonnell",
        "email": "catrionamcd@gmail.com",
        "phone_number": "+353876481588",
        "country": "IE",
        "postcode": "V95D8K8",
        "town_or_city": "Ennis",
        "street_address1": "32 The Willows,",
        "street_address2": "Oakleigh Wood, Tulla Road,",
        "county": "Clare",
        "date": "2022-01-17T14:55:59.804Z",
        "delivery_cost": "0.00",
        "order_total": "248.99",
        "grand_total": "248.99",
        "original_bag": "{\"1\": {\"items_by_size\": {\"m\": 1}}, \"3\": {\"items_by_size\": {\"m\": 1}}}",
        "stripe_pid": "pi_3KIwcIGe0sMxAx4807gf8TZY"
    }
},
{
    "model": "checkout.order",
    "pk": 25,
    "fields": {
        "order_number": "F4BC4D2CAE384D5C92C1DC030180D3E2",
        "user_profile": 4,
        "full_name": "Admin fname",
        "email": "catrionamcd@gmail.com",
        "phone_number": "+353876481588",
        "country": "IE",
        "postcode": "V95D8K8",
        "town_or_city": "Ennis",
        "street_address1": "32 The Willows,",
        "street_address2": "Oakleigh Wood, Tulla Road,",
        "county": "Clare",
        "date": "2022-01-17T15:00:51.758Z",
        "delivery_cost": "0.00",
        "order_total": "248.99",
        "grand_total": "248.99",
        "original_bag": "{\"1\": {\"items_by_size\": {\"m\": 1}}, \"3\": {\"items_by_size\": {\"m\": 1}}}",
        "stripe_pid": "pi_3KIwhAGe0sMxAx481VMk9EhI"
    }
},
{
    "model": "checkout.order",
    "pk": 26,
    "fields": {
        "order_number": "8A66951B1CA0490695A8DB87FADDABFE",
        "user_profile": 4,
        "full_name": "Admin fname",
        "email": "catrionamcd@gmail.com",
        "phone_number": "+353876481588",
        "country": "IE",
        "postcode": "V95D8K8",
        "town_or_city": "Ennis",
        "street_address1": "32 The Willows,",
        "street_address2": "Oakleigh Wood, Tulla Road,",
        "county": "Clare",
        "date": "2022-01-17T15:01:40.445Z",
        "delivery_cost": "0.00",
        "order_total": "248.99",
        "grand_total": "248.99",
        "original_bag": "{\"1\": {\"items_by_size\": {\"m\": 1}}, \"3\": {\"items_by_size\": {\"m\": 1}}}",
        "stripe_pid": "pi_3KIwi0Ge0sMxAx480HWGyrvP"
    }
},
{
    "model": "checkout.order",
    "pk": 27,
    "fields": {
        "order_number": "7E8FF23A69524719BBBCF85DF1E750BF",
        "user_profile": null,
        "full_name": "Catriona McDonnell",
        "email": "catrionamcd@gmail.com",
        "phone_number": "+353876481588",
        "country": "IE",
        "postcode": "V95D8K8",
        "town_or_city": "Ennis",
        "street_address1": "32 The Willows,",
        "street_address2": "Oakleigh Wood, Tulla Road,",
        "county": "Clare",
        "date": "2022-01-17T23:09:39.671Z",
        "delivery_cost": "3.00",
        "order_total": "29.99",
        "grand_total": "32.99",
        "original_bag": "{\"1\": {\"items_by_size\": {\"m\": 1}}}",
        "stripe_pid": "pi_3KJ4JuGe0sMxAx480HldXgOl"
    }
},
{
    "model": "checkout.orderlineitem",
    "pk": 22,
    "fields": {
        "order": 24,
        "product": 1,
        "product_inventory": null,
        "quantity": 1,
        "lineitem_total": "29.99"
    }
},
{
    "model": "checkout.orderlineitem",
    "pk": 23,
    "fields": {
        "order": 24,
        "product": 3,
        "product_inventory": null,
        "quantity": 1,
        "lineitem_total": "219.00"
    }
},
{
    "model": "checkout.orderlineitem",
    "pk": 24,
    "fields": {
        "order": 25,
        "product": 1,
        "product_inventory": null,
        "quantity": 1,
        "lineitem_total": "29.99"
    }
},
{
    "model": "checkout.orderlineitem",
    "pk": 25,
    "fields": {
        "order": 25,
        "product": 3,
        "product_inventory": null,
        "quantity": 1,
        "lineitem_total": "219.00"
    }
},
{
    "model": "checkout.orderlineitem",
    "pk": 26,
    "fields": {
        "order": 26,
        "product": 1,
        "product_inventory": null,
        "quantity": 1,
        "lineitem_total": "29.99"
    }
},
{
    "model": "checkout.orderlineitem",
    "pk": 27,
    "fields": {
        "order": 26,
        "product": 3,
        "product_inventory": null,
        "quantity": 1,
        "lineitem_total": "219.00"
    }
},
{
    "model": "checkout.orderlineitem",
    "pk": 28,
    "fields": {
        "order": 27,
        "product": 1,
        "product_inventory": null,
        "quantity": 1,
        "lineitem_total": "29.99"
    }
},
{
    "model": "profiles.userprofile",
    "pk": 1,
    "fields": {
        "user": 1,
        "default_phone_number": "+353876481588",
        "default_street_address1": "32 The Willows,",
        "default_street_address2": "Oakleigh Wood, Tulla Road,",
        "default_town_or_city": "Ennis",
        "default_county": "Clare",
        "default_postcode": "V95D8K8",
        "default_country": "IE"
    }
},
{
    "model": "profiles.userprofile",
    "pk": 2,
    "fields": {
        "user": 2,
        "default_phone_number": null,
        "default_street_address1": null,
        "default_street_address2": null,
        "default_town_or_city": null,
        "default_county": null,
        "default_postcode": null,
        "default_country": null
    }
},
{
    "model": "profiles.userprofile",
    "pk": 3,
    "fields": {
        "user": 3,
        "default_phone_number": null,
        "default_street_address1": null,
        "default_street_address2": null,
        "default_town_or_city": null,
        "default_county": null,
        "default_postcode": null,
        "default_country": null
    }
},
{
    "model": "profiles.userprofile",
    "pk": 4,
    "fields": {
        "user": 4,
        "default_phone_number": "+353876481588",
        "default_street_address1": "32 The Willows,",
        "default_street_address2": "Oakleigh Wood, Tulla Road,",
        "default_town_or_city": "Ennis",
        "default_county": "Clare",
        "default_postcode": "V95D8K8",
        "default_country": "IE"
    }
}
]
